-99.872E-03,+1.732663E+00,+0.0E+00
-99.772E-03,+1.732663E+00,+0.0E+00
-99.672E-03,+1.742714E+00,+0.0E+00
-99.572E-03,+1.752764E+00,+0.0E+00
-99.472E-03,+1.732663E+00,+0.0E+00
-99.372E-03,+1.732663E+00,+0.0E+00
-99.272E-03,+1.732663E+00,-40.201E-03
-99.172E-03,+1.732663E+00,+0.0E+00
-99.072E-03,+1.752764E+00,+0.0E+00
-98.972E-03,+1.732663E+00,+0.0E+00
-98.872E-03,+1.732663E+00,+40.201E-03
-98.772E-03,+1.747739E+00,+0.0E+00
-98.672E-03,+1.732663E+00,+0.0E+00
-98.572E-03,+1.732663E+00,+0.0E+00
-98.472E-03,+1.722613E+00,-40.201E-03
-98.372E-03,+1.737689E+00,+0.0E+00
-98.272E-03,+1.752764E+00,+0.0E+00
-98.172E-03,+1.732663E+00,+0.0E+00
-98.072E-03,+1.752764E+00,-40.201E-03
-97.972E-03,+1.752764E+00,+0.0E+00
-97.872E-03,+1.732663E+00,+0.0E+00
-97.772E-03,+1.752764E+00,+0.0E+00
-97.672E-03,+1.732663E+00,+0.0E+00
-97.572E-03,+1.732663E+00,+0.0E+00
-97.472E-03,+1.732663E+00,+0.0E+00
-97.372E-03,+1.732663E+00,-20.101E-03
-97.272E-03,+1.742714E+00,-80.402E-03
-97.172E-03,+1.737689E+00,+0.0E+00
-97.072E-03,+1.732663E+00,+0.0E+00
-96.972E-03,+1.767839E+00,+0.0E+00
-96.872E-03,+1.732663E+00,-40.201E-03
-96.772E-03,+1.742714E+00,+0.0E+00
-96.672E-03,+1.752764E+00,+0.0E+00
-96.572E-03,+1.752764E+00,+0.0E+00
-96.472E-03,+1.742714E+00,-40.201E-03
-96.372E-03,+1.747739E+00,+0.0E+00
-96.272E-03,+1.732663E+00,+0.0E+00
-96.172E-03,+1.732663E+00,+0.0E+00
-96.072E-03,+1.732663E+00,+0.0E+00
-95.972E-03,+1.742714E+00,+0.0E+00
-95.872E-03,+1.732663E+00,+0.0E+00
-95.772E-03,+1.747739E+00,+0.0E+00
-95.672E-03,+1.732663E+00,-80.402E-03
-95.572E-03,+1.762814E+00,-60.302E-03
-95.472E-03,+1.752764E+00,+0.0E+00
-95.372E-03,+1.732663E+00,+0.0E+00
-95.272E-03,+1.752764E+00,+0.0E+00
-95.172E-03,+1.737689E+00,+0.0E+00
-95.072E-03,+1.732663E+00,+0.0E+00
-94.972E-03,+1.717588E+00,-20.101E-03
-94.872E-03,+1.732663E+00,+0.0E+00
-94.772E-03,+1.752764E+00,+0.0E+00
-94.672E-03,+1.752764E+00,-0.0E+00
-94.572E-03,+1.722613E+00,+0.0E+00
-94.472E-03,+1.732663E+00,-40.201E-03
-94.372E-03,+1.742714E+00,+0.0E+00
-94.272E-03,+1.752764E+00,+0.0E+00
-94.172E-03,+1.747739E+00,-40.201E-03
-94.072E-03,+1.742714E+00,+0.0E+00
-93.972E-03,+1.752764E+00,+0.0E+00
-93.872E-03,+1.732663E+00,+0.0E+00
-93.772E-03,+1.752764E+00,+0.0E+00
-93.672E-03,+1.762814E+00,+40.201E-03
-93.572E-03,+1.747739E+00,+0.0E+00
-93.472E-03,+1.752764E+00,+0.0E+00
-93.372E-03,+1.732663E+00,+0.0E+00
-93.272E-03,+1.742714E+00,-80.402E-03
-93.172E-03,+1.732663E+00,+0.0E+00
-93.072E-03,+1.752764E+00,-80.402E-03
-92.972E-03,+1.722613E+00,-20.101E-03
-92.872E-03,+1.742714E+00,-40.201E-03
-92.772E-03,+1.757789E+00,+0.0E+00
-92.672E-03,+1.732663E+00,+0.0E+00
-92.572E-03,+1.757789E+00,+0.0E+00
-92.472E-03,+1.752764E+00,+40.201E-03
-92.372E-03,+1.737689E+00,-20.101E-03
-92.272E-03,+1.732663E+00,+0.0E+00
-92.172E-03,+1.747739E+00,-60.302E-03
-92.072E-03,+1.732663E+00,+0.0E+00
-91.972E-03,+1.742714E+00,+0.0E+00
-91.872E-03,+1.732663E+00,-0.0E+00
-91.772E-03,+1.722613E+00,+0.0E+00
-91.672E-03,+1.732663E+00,-40.201E-03
-91.572E-03,+1.747739E+00,+0.0E+00
-91.472E-03,+1.732663E+00,-0.0E+00
-91.372E-03,+1.742714E+00,+0.0E+00
-91.272E-03,+1.742714E+00,+0.0E+00
-91.172E-03,+1.732663E+00,+0.0E+00
-91.072E-03,+1.732663E+00,+0.0E+00
-90.972E-03,+1.737689E+00,+0.0E+00
-90.872E-03,+1.742714E+00,-40.201E-03
-90.772E-03,+1.752764E+00,-20.101E-03
-90.672E-03,+1.732663E+00,+0.0E+00
-90.572E-03,+1.717588E+00,+0.0E+00
-90.472E-03,+1.742714E+00,+0.0E+00
-90.372E-03,+1.737689E+00,-20.101E-03
-90.272E-03,+1.732663E+00,+0.0E+00
-90.172E-03,+1.737689E+00,+0.0E+00
-90.072E-03,+1.732663E+00,-80.402E-03
-89.972E-03,+1.747739E+00,-60.302E-03
-89.872E-03,+1.772864E+00,+0.0E+00
-89.772E-03,+1.732663E+00,+0.0E+00
-89.672E-03,+1.722613E+00,+0.0E+00
-89.572E-03,+1.752764E+00,+0.0E+00
-89.472E-03,+1.752764E+00,+0.0E+00
-89.372E-03,+1.732663E+00,+0.0E+00
-89.272E-03,+1.742714E+00,+0.0E+00
-89.172E-03,+1.732663E+00,+0.0E+00
-89.072E-03,+1.732663E+00,-0.0E+00
-88.972E-03,+1.737689E+00,+0.0E+00
-88.872E-03,+1.732663E+00,+0.0E+00
-88.772E-03,+1.737689E+00,+0.0E+00
-88.672E-03,+1.732663E+00,-80.402E-03
-88.572E-03,+1.732663E+00,+0.0E+00
-88.472E-03,+1.722613E+00,+0.0E+00
-88.372E-03,+1.747739E+00,+0.0E+00
-88.272E-03,+1.752764E+00,+0.0E+00
-88.172E-03,+1.732663E+00,+0.0E+00
-88.072E-03,+1.722613E+00,+0.0E+00
-87.972E-03,+1.732663E+00,+0.0E+00
-87.872E-03,+1.732663E+00,+0.0E+00
-87.772E-03,+1.737689E+00,-20.101E-03
-87.672E-03,+1.742714E+00,+0.0E+00
-87.572E-03,+1.747739E+00,-60.302E-03
-87.472E-03,+1.732663E+00,+0.0E+00
-87.372E-03,+1.732663E+00,-20.101E-03
-87.272E-03,+1.722613E+00,+0.0E+00
-87.172E-03,+1.722613E+00,+0.0E+00
-87.072E-03,+1.752764E+00,+0.0E+00
-86.972E-03,+1.732663E+00,+0.0E+00
-86.872E-03,+1.732663E+00,+0.0E+00
-86.772E-03,+1.732663E+00,-20.101E-03
-86.672E-03,+1.732663E+00,+0.0E+00
-86.572E-03,+1.757789E+00,+0.0E+00
-86.472E-03,+1.722613E+00,+0.0E+00
-86.372E-03,+1.727638E+00,+0.0E+00
-86.272E-03,+1.752764E+00,-80.402E-03
-86.172E-03,+1.727638E+00,+0.0E+00
-86.072E-03,+1.742714E+00,+0.0E+00
-85.972E-03,+1.717588E+00,+0.0E+00
-85.872E-03,+1.732663E+00,+80.402E-03
-85.772E-03,+1.727638E+00,+0.0E+00
-85.672E-03,+1.722613E+00,+0.0E+00
-85.572E-03,+1.737689E+00,-20.101E-03
-85.472E-03,+1.732663E+00,-0.0E+00
-85.372E-03,+1.752764E+00,+0.0E+00
-85.272E-03,+1.742714E+00,+40.201E-03
-85.172E-03,+1.742714E+00,+0.0E+00
-85.072E-03,+1.732663E+00,+0.0E+00
-84.972E-03,+1.717588E+00,+0.0E+00
-84.872E-03,+1.742714E+00,+0.0E+00
-84.772E-03,+1.732663E+00,-60.302E-03
-84.672E-03,+1.732663E+00,+0.0E+00
-84.572E-03,+1.732663E+00,+0.0E+00
-84.472E-03,+1.732663E+00,+0.0E+00
-84.372E-03,+1.732663E+00,-80.402E-03
-84.272E-03,+1.712563E+00,+0.0E+00
-84.172E-03,+1.727638E+00,+0.0E+00
-84.072E-03,+1.732663E+00,+0.0E+00
-83.972E-03,+1.752764E+00,+0.0E+00
-83.872E-03,+1.752764E+00,+0.0E+00
-83.772E-03,+1.742714E+00,+0.0E+00
-83.672E-03,+1.722613E+00,+0.0E+00
-83.572E-03,+1.707538E+00,+20.101E-03
-83.472E-03,+1.772864E+00,+0.0E+00
-83.372E-03,+1.727638E+00,+0.0E+00
-83.272E-03,+1.732663E+00,+0.0E+00
-83.172E-03,+1.717588E+00,+0.0E+00
-83.072E-03,+1.752764E+00,+0.0E+00
-82.972E-03,+1.737689E+00,-60.302E-03
-82.872E-03,+1.752764E+00,-40.201E-03
-82.772E-03,+1.752764E+00,+0.0E+00
-82.672E-03,+1.752764E+00,+0.0E+00
-82.572E-03,+1.737689E+00,+0.0E+00
-82.472E-03,+1.732663E+00,+0.0E+00
-82.372E-03,+1.747739E+00,+0.0E+00
-82.272E-03,+1.772864E+00,+0.0E+00
-82.172E-03,+1.737689E+00,+0.0E+00
-82.072E-03,+1.732663E+00,+0.0E+00
-81.972E-03,+1.747739E+00,-20.101E-03
-81.872E-03,+1.692462E+00,+0.0E+00
-81.772E-03,+1.757789E+00,+0.0E+00
-81.672E-03,+1.722613E+00,+0.0E+00
-81.572E-03,+1.747739E+00,-60.302E-03
-81.472E-03,+1.732663E+00,-80.402E-03
-81.372E-03,+1.732663E+00,+0.0E+00
-81.272E-03,+1.722613E+00,+0.0E+00
-81.172E-03,+1.727638E+00,+0.0E+00
-81.072E-03,+1.752764E+00,-0.0E+00
-80.972E-03,+1.732663E+00,+0.0E+00
-80.872E-03,+1.742714E+00,+0.0E+00
-80.772E-03,+1.747739E+00,+0.0E+00
-80.672E-03,+1.732663E+00,+0.0E+00
-80.572E-03,+1.747739E+00,-20.101E-03
-80.472E-03,+1.732663E+00,+0.0E+00
-80.372E-03,+1.712563E+00,-20.101E-03
-80.272E-03,+1.712563E+00,+0.0E+00
-80.172E-03,+1.737689E+00,-20.101E-03
-80.072E-03,+1.722613E+00,+0.0E+00
-79.972E-03,+1.732663E+00,+0.0E+00
-79.872E-03,+1.732663E+00,-80.402E-03
-79.772E-03,+1.717588E+00,+0.0E+00
-79.672E-03,+1.752764E+00,+0.0E+00
-79.572E-03,+1.732663E+00,-60.302E-03
-79.472E-03,+1.732663E+00,+0.0E+00
-79.372E-03,+1.732663E+00,+0.0E+00
-79.272E-03,+1.762814E+00,+0.0E+00
-79.172E-03,+1.717588E+00,-60.302E-03
-79.072E-03,+1.752764E+00,+0.0E+00
-78.972E-03,+1.637186E+00,+0.0E+00
-78.872E-03,+1.742714E+00,+0.0E+00
-78.772E-03,+1.727638E+00,-20.101E-03
-78.672E-03,+1.732663E+00,-80.402E-03
-78.572E-03,+1.722613E+00,+0.0E+00
-78.472E-03,+1.742714E+00,+0.0E+00
-78.372E-03,+1.722613E+00,-60.302E-03
-78.272E-03,+1.732663E+00,+0.0E+00
-78.172E-03,+1.732663E+00,+0.0E+00
-78.072E-03,+1.722613E+00,+0.0E+00
-77.972E-03,+1.727638E+00,-60.302E-03
-77.872E-03,+1.752764E+00,+0.0E+00
-77.772E-03,+1.737689E+00,+0.0E+00
-77.672E-03,+1.732663E+00,+0.0E+00
-77.572E-03,+1.742714E+00,+0.0E+00
-77.472E-03,+1.752764E+00,+0.0E+00
-77.372E-03,+1.722613E+00,-20.101E-03
-77.272E-03,+1.732663E+00,-40.201E-03
-77.172E-03,+1.752764E+00,+0.0E+00
-77.072E-03,+1.813065E+00,-0.0E+00
-76.972E-03,+1.737689E+00,-60.302E-03
-76.872E-03,+1.742714E+00,+0.0E+00
-76.772E-03,+1.737689E+00,+0.0E+00
-76.672E-03,+1.752764E+00,-0.0E+00
-76.572E-03,+1.717588E+00,+0.0E+00
-76.472E-03,+1.722613E+00,+0.0E+00
-76.372E-03,+1.727638E+00,+0.0E+00
-76.272E-03,+1.752764E+00,+0.0E+00
-76.172E-03,+1.747739E+00,+0.0E+00
-76.072E-03,+1.732663E+00,+0.0E+00
-75.972E-03,+1.732663E+00,+0.0E+00
-75.872E-03,+1.732663E+00,+0.0E+00
-75.772E-03,+1.722613E+00,+0.0E+00
-75.672E-03,+1.732663E+00,-40.201E-03
-75.572E-03,+1.737689E+00,+0.0E+00
-75.472E-03,+1.732663E+00,+0.0E+00
-75.372E-03,+1.762814E+00,+0.0E+00
-75.272E-03,+1.722613E+00,+0.0E+00
-75.172E-03,+1.742714E+00,+0.0E+00
-75.072E-03,+1.752764E+00,+0.0E+00
-74.972E-03,+1.727638E+00,+20.101E-03
-74.872E-03,+1.752764E+00,+0.0E+00
-74.772E-03,+1.737689E+00,+0.0E+00
-74.672E-03,+1.732663E+00,+0.0E+00
-74.572E-03,+1.727638E+00,+0.0E+00
-74.472E-03,+1.732663E+00,-40.201E-03
-74.372E-03,+1.732663E+00,+0.0E+00
-74.272E-03,+1.732663E+00,-80.402E-03
-74.172E-03,+1.732663E+00,+0.0E+00
-74.072E-03,+1.732663E+00,+0.0E+00
-73.972E-03,+1.777890E+00,-60.302E-03
-73.872E-03,+1.712563E+00,+0.0E+00
-73.772E-03,+1.727638E+00,+0.0E+00
-73.672E-03,+1.732663E+00,+0.0E+00
-73.572E-03,+1.717588E+00,+0.0E+00
-73.472E-03,+1.712563E+00,-80.402E-03
-73.372E-03,+1.747739E+00,+0.0E+00
-73.272E-03,+1.722613E+00,+0.0E+00
-73.172E-03,+1.752764E+00,-20.101E-03
-73.072E-03,+1.732663E+00,-80.402E-03
-72.972E-03,+1.757789E+00,+0.0E+00
-72.872E-03,+1.742714E+00,+0.0E+00
-72.772E-03,+1.727638E+00,+0.0E+00
-72.672E-03,+1.732663E+00,+0.0E+00
-72.572E-03,+1.737689E+00,+0.0E+00
-72.472E-03,+1.732663E+00,-40.201E-03
-72.372E-03,+1.717588E+00,+0.0E+00
-72.272E-03,+1.712563E+00,+0.0E+00
-72.172E-03,+1.742714E+00,+0.0E+00
-72.072E-03,+1.742714E+00,+0.0E+00
-71.972E-03,+1.737689E+00,-60.302E-03
-71.872E-03,+1.732663E+00,-0.0E+00
-71.772E-03,+1.747739E+00,+0.0E+00
-71.672E-03,+1.732663E+00,+0.0E+00
-71.572E-03,+1.732663E+00,-60.302E-03
-71.472E-03,+1.732663E+00,+0.0E+00
-71.372E-03,+1.727638E+00,+0.0E+00
-71.272E-03,+1.752764E+00,+0.0E+00
-71.172E-03,+1.737689E+00,+0.0E+00
-71.072E-03,+1.752764E+00,-0.0E+00
-70.972E-03,+1.722613E+00,+0.0E+00
-70.872E-03,+1.722613E+00,+0.0E+00
-70.772E-03,+1.732663E+00,+0.0E+00
-70.672E-03,+1.732663E+00,+0.0E+00
-70.572E-03,+1.747739E+00,-20.101E-03
-70.472E-03,+1.722613E+00,+0.0E+00
-70.372E-03,+1.747739E+00,+0.0E+00
-70.272E-03,+1.732663E+00,+0.0E+00
-70.172E-03,+1.747739E+00,+0.0E+00
-70.072E-03,+1.742714E+00,-40.201E-03
-69.972E-03,+1.732663E+00,-80.402E-03
-69.872E-03,+1.732663E+00,+0.0E+00
-69.772E-03,+1.747739E+00,-80.402E-03
-69.672E-03,+1.732663E+00,+0.0E+00
-69.572E-03,+1.742714E+00,-20.101E-03
-69.472E-03,+1.752764E+00,+0.0E+00
-69.372E-03,+1.757789E+00,-60.302E-03
-69.272E-03,+1.752764E+00,+0.0E+00
-69.172E-03,+1.752764E+00,-20.101E-03
-69.072E-03,+1.752764E+00,-80.402E-03
-68.972E-03,+1.742714E+00,-80.402E-03
-68.872E-03,+1.732663E+00,+0.0E+00
-68.772E-03,+1.707538E+00,-60.302E-03
-68.672E-03,+1.732663E+00,+0.0E+00
-68.572E-03,+1.732663E+00,+0.0E+00
-68.472E-03,+1.752764E+00,-40.201E-03
-68.372E-03,+1.727638E+00,+0.0E+00
-68.272E-03,+1.732663E+00,+0.0E+00
-68.172E-03,+1.737689E+00,+0.0E+00
-68.072E-03,+1.752764E+00,-40.201E-03
-67.972E-03,+1.732663E+00,+0.0E+00
-67.872E-03,+1.752764E+00,+0.0E+00
-67.772E-03,+1.737689E+00,+0.0E+00
-67.672E-03,+1.742714E+00,+0.0E+00
-67.572E-03,+1.787940E+00,+0.0E+00
-67.472E-03,+1.752764E+00,-0.0E+00
-67.372E-03,+1.722613E+00,+0.0E+00
-67.272E-03,+1.752764E+00,-40.201E-03
-67.172E-03,+1.767839E+00,-80.402E-03
-67.072E-03,+1.732663E+00,+0.0E+00
-66.972E-03,+1.752764E+00,-20.101E-03
-66.872E-03,+1.732663E+00,+0.0E+00
-66.772E-03,+1.747739E+00,+0.0E+00
-66.672E-03,+1.732663E+00,+0.0E+00
-66.572E-03,+1.742714E+00,+0.0E+00
-66.472E-03,+1.772864E+00,+0.0E+00
-66.372E-03,+1.752764E+00,+0.0E+00
-66.272E-03,+1.732663E+00,+0.0E+00
-66.172E-03,+1.742714E+00,-40.201E-03
-66.072E-03,+1.742714E+00,-80.402E-03
-65.972E-03,+1.732663E+00,+0.0E+00
-65.872E-03,+1.732663E+00,+0.0E+00
-65.772E-03,+1.747739E+00,+0.0E+00
-65.672E-03,+1.742714E+00,+0.0E+00
-65.572E-03,+1.747739E+00,-20.101E-03
-65.472E-03,+1.712563E+00,+0.0E+00
-65.372E-03,+1.737689E+00,+0.0E+00
-65.272E-03,+1.762814E+00,+0.0E+00
-65.172E-03,+1.742714E+00,+0.0E+00
-65.072E-03,+1.752764E+00,+0.0E+00
-64.972E-03,+1.732663E+00,+0.0E+00
-64.872E-03,+1.742714E+00,+0.0E+00
-64.772E-03,+1.727638E+00,+0.0E+00
-64.672E-03,+1.752764E+00,+0.0E+00
-64.572E-03,+1.742714E+00,-20.101E-03
-64.472E-03,+1.742714E+00,-40.201E-03
-64.372E-03,+1.732663E+00,+0.0E+00
-64.272E-03,+1.732663E+00,+0.0E+00
-64.172E-03,+1.737689E+00,+0.0E+00
-64.072E-03,+1.732663E+00,-40.201E-03
-63.972E-03,+1.732663E+00,-20.101E-03
-63.872E-03,+1.732663E+00,+0.0E+00
-63.772E-03,+1.732663E+00,-60.302E-03
-63.672E-03,+1.722613E+00,-40.201E-03
-63.572E-03,+1.742714E+00,+0.0E+00
-63.472E-03,+1.732663E+00,+0.0E+00
-63.372E-03,+1.767839E+00,+0.0E+00
-63.272E-03,+1.752764E+00,+0.0E+00
-63.172E-03,+1.762814E+00,+0.0E+00
-63.072E-03,+1.752764E+00,+0.0E+00
-62.972E-03,+1.732663E+00,+0.0E+00
-62.872E-03,+1.742714E+00,+0.0E+00
-62.772E-03,+1.737689E+00,-60.302E-03
-62.672E-03,+1.752764E+00,+0.0E+00
-62.572E-03,+1.737689E+00,-20.101E-03
-62.472E-03,+1.732663E+00,-40.201E-03
-62.372E-03,+1.737689E+00,+0.0E+00
-62.272E-03,+1.732663E+00,-80.402E-03
-62.172E-03,+1.732663E+00,+0.0E+00
-62.072E-03,+1.762814E+00,+0.0E+00
-61.972E-03,+1.727638E+00,+0.0E+00
-61.872E-03,+1.752764E+00,+0.0E+00
-61.772E-03,+1.737689E+00,+0.0E+00
-61.672E-03,+1.742714E+00,+0.0E+00
-61.572E-03,+1.732663E+00,+0.0E+00
-61.472E-03,+1.732663E+00,-0.0E+00
-61.372E-03,+1.737689E+00,+0.0E+00
-61.272E-03,+1.722613E+00,+0.0E+00
-61.172E-03,+1.727638E+00,+0.0E+00
-61.072E-03,+1.732663E+00,+0.0E+00
-60.972E-03,+1.747739E+00,+60.302E-03
-60.872E-03,+1.732663E+00,-40.201E-03
-60.772E-03,+1.732663E+00,+0.0E+00
-60.672E-03,+1.752764E+00,+0.0E+00
-60.572E-03,+1.757789E+00,+0.0E+00
-60.472E-03,+1.742714E+00,+0.0E+00
-60.372E-03,+1.732663E+00,+0.0E+00
-60.272E-03,+1.712563E+00,+0.0E+00
-60.172E-03,+1.747739E+00,+0.0E+00
-60.072E-03,+1.752764E+00,+0.0E+00
-59.972E-03,+1.747739E+00,+0.0E+00
-59.872E-03,+1.732663E+00,-80.402E-03
-59.772E-03,+1.767839E+00,+0.0E+00
-59.672E-03,+1.722613E+00,-80.402E-03
-59.572E-03,+1.732663E+00,+0.0E+00
-59.472E-03,+1.772864E+00,+0.0E+00
-59.372E-03,+1.717588E+00,+0.0E+00
-59.272E-03,+1.712563E+00,-40.201E-03
-59.172E-03,+1.732663E+00,+0.0E+00
-59.072E-03,+1.732663E+00,+0.0E+00
-58.972E-03,+1.737689E+00,-20.101E-03
-58.872E-03,+1.742714E+00,-40.201E-03
-58.772E-03,+1.712563E+00,-60.302E-03
-58.672E-03,+1.772864E+00,+0.0E+00
-58.572E-03,+1.737689E+00,+0.0E+00
-58.472E-03,+1.742714E+00,+0.0E+00
-58.372E-03,+1.732663E+00,-60.302E-03
-58.272E-03,+1.752764E+00,-0.0E+00
-58.172E-03,+1.732663E+00,+0.0E+00
-58.072E-03,+1.742714E+00,+0.0E+00
-57.972E-03,+1.732663E+00,-20.101E-03
-57.872E-03,+1.752764E+00,-80.402E-03
-57.772E-03,+1.747739E+00,+0.0E+00
-57.672E-03,+1.742714E+00,+0.0E+00
-57.572E-03,+1.737689E+00,-20.101E-03
-57.472E-03,+1.732663E+00,+0.0E+00
-57.372E-03,+1.732663E+00,-60.302E-03
-57.272E-03,+1.742714E+00,+0.0E+00
-57.172E-03,+1.742714E+00,+0.0E+00
-57.072E-03,+1.732663E+00,+0.0E+00
-56.972E-03,+1.762814E+00,+0.0E+00
-56.872E-03,+1.722613E+00,+0.0E+00
-56.772E-03,+1.747739E+00,+0.0E+00
-56.672E-03,+1.732663E+00,+80.402E-03
-56.572E-03,+1.717588E+00,+0.0E+00
-56.472E-03,+1.752764E+00,-40.201E-03
-56.372E-03,+1.732663E+00,+0.0E+00
-56.272E-03,+1.752764E+00,+0.0E+00
-56.172E-03,+1.747739E+00,+0.0E+00
-56.072E-03,+1.742714E+00,+0.0E+00
-55.972E-03,+1.717588E+00,+0.0E+00
-55.872E-03,+1.732663E+00,-80.402E-03
-55.772E-03,+1.732663E+00,+0.0E+00
-55.672E-03,+1.732663E+00,+0.0E+00
-55.572E-03,+1.732663E+00,+0.0E+00
-55.472E-03,+1.752764E+00,+0.0E+00
-55.372E-03,+1.742714E+00,+0.0E+00
-55.272E-03,+1.732663E+00,+0.0E+00
-55.172E-03,+1.732663E+00,-60.302E-03
-55.072E-03,+1.752764E+00,+0.0E+00
-54.972E-03,+1.752764E+00,+0.0E+00
-54.872E-03,+1.742714E+00,-40.201E-03
-54.772E-03,+1.752764E+00,+0.0E+00
-54.672E-03,+1.752764E+00,+0.0E+00
-54.572E-03,+1.752764E+00,+0.0E+00
-54.472E-03,+1.722613E+00,+0.0E+00
-54.372E-03,+1.747739E+00,-20.101E-03
-54.272E-03,+1.752764E+00,+0.0E+00
-54.172E-03,+1.722613E+00,-20.101E-03
-54.072E-03,+1.742714E+00,+0.0E+00
-53.972E-03,+1.717588E+00,+0.0E+00
-53.872E-03,+1.732663E+00,+0.0E+00
-53.772E-03,+1.747739E+00,+0.0E+00
-53.672E-03,+1.732663E+00,-80.402E-03
-53.572E-03,+1.722613E+00,+0.0E+00
-53.472E-03,+1.732663E+00,+0.0E+00
-53.372E-03,+1.732663E+00,-20.101E-03
-53.272E-03,+1.752764E+00,+0.0E+00
-53.172E-03,+1.732663E+00,+0.0E+00
-53.072E-03,+1.732663E+00,+0.0E+00
-52.972E-03,+1.737689E+00,-20.101E-03
-52.872E-03,+1.722613E+00,+0.0E+00
-52.772E-03,+1.732663E+00,+0.0E+00
-52.672E-03,+1.732663E+00,+0.0E+00
-52.572E-03,+1.737689E+00,+0.0E+00
-52.472E-03,+1.742714E+00,+0.0E+00
-52.372E-03,+1.722613E+00,-40.201E-03
-52.272E-03,+1.732663E+00,-80.402E-03
-52.172E-03,+1.732663E+00,+0.0E+00
-52.072E-03,+1.712563E+00,+0.0E+00
-51.972E-03,+1.747739E+00,+0.0E+00
-51.872E-03,+1.732663E+00,+0.0E+00
-51.772E-03,+1.742714E+00,+0.0E+00
-51.672E-03,+1.732663E+00,+0.0E+00
-51.572E-03,+1.717588E+00,+0.0E+00
-51.472E-03,+1.732663E+00,+0.0E+00
-51.372E-03,+1.732663E+00,+0.0E+00
-51.272E-03,+1.732663E+00,-40.201E-03
-51.172E-03,+1.752764E+00,+0.0E+00
-51.072E-03,+1.752764E+00,+0.0E+00
-50.972E-03,+1.747739E+00,-60.302E-03
-50.872E-03,+1.732663E+00,+0.0E+00
-50.772E-03,+1.747739E+00,-60.302E-03
-50.672E-03,+1.712563E+00,+0.0E+00
-50.572E-03,+1.747739E+00,-20.101E-03
-50.472E-03,+1.742714E+00,+0.0E+00
-50.372E-03,+1.732663E+00,+0.0E+00
-50.272E-03,+1.752764E+00,+0.0E+00
-50.172E-03,+1.737689E+00,+0.0E+00
-50.072E-03,+1.722613E+00,+0.0E+00
-49.972E-03,+1.757789E+00,-80.402E-03
-49.872E-03,+1.732663E+00,+0.0E+00
-49.772E-03,+1.737689E+00,-20.101E-03
-49.672E-03,+1.722613E+00,+0.0E+00
-49.572E-03,+1.732663E+00,+0.0E+00
-49.472E-03,+1.772864E+00,+0.0E+00
-49.372E-03,+1.752764E+00,+0.0E+00
-49.272E-03,+1.722613E+00,+0.0E+00
-49.172E-03,+1.742714E+00,-60.302E-03
-49.072E-03,+1.752764E+00,-0.0E+00
-48.972E-03,+1.732663E+00,+0.0E+00
-48.872E-03,+1.752764E+00,+0.0E+00
-48.772E-03,+1.752764E+00,+0.0E+00
-48.672E-03,+1.732663E+00,+0.0E+00
-48.572E-03,+1.732663E+00,+0.0E+00
-48.472E-03,+1.732663E+00,+0.0E+00
-48.372E-03,+1.742714E+00,+0.0E+00
-48.272E-03,+1.732663E+00,+0.0E+00
-48.172E-03,+1.737689E+00,+0.0E+00
-48.072E-03,+1.742714E+00,+0.0E+00
-47.972E-03,+1.717588E+00,+0.0E+00
-47.872E-03,+1.712563E+00,+0.0E+00
-47.772E-03,+1.722613E+00,+0.0E+00
-47.672E-03,+1.732663E+00,+0.0E+00
-47.572E-03,+1.732663E+00,+0.0E+00
-47.472E-03,+1.732663E+00,+0.0E+00
-47.372E-03,+1.747739E+00,+0.0E+00
-47.272E-03,+1.742714E+00,+0.0E+00
-47.172E-03,+1.752764E+00,+0.0E+00
-47.072E-03,+1.732663E+00,+0.0E+00
-46.972E-03,+1.737689E+00,+0.0E+00
-46.872E-03,+1.752764E+00,-40.201E-03
-46.772E-03,+1.727638E+00,+0.0E+00
-46.672E-03,+1.752764E+00,+0.0E+00
-46.572E-03,+1.717588E+00,-20.101E-03
-46.472E-03,+1.742714E+00,-40.201E-03
-46.372E-03,+1.732663E+00,+60.302E-03
-46.272E-03,+1.732663E+00,+0.0E+00
-46.172E-03,+1.747739E+00,+0.0E+00
-46.072E-03,+1.732663E+00,+0.0E+00
-45.972E-03,+1.732663E+00,-60.302E-03
-45.872E-03,+1.752764E+00,-80.402E-03
-45.772E-03,+1.752764E+00,+0.0E+00
-45.672E-03,+1.742714E+00,+0.0E+00
-45.572E-03,+1.742714E+00,-60.302E-03
-45.472E-03,+1.732663E+00,+0.0E+00
-45.372E-03,+1.732663E+00,-80.402E-03
-45.272E-03,+1.732663E+00,+0.0E+00
-45.172E-03,+1.742714E+00,+0.0E+00
-45.072E-03,+1.732663E+00,+0.0E+00
-44.972E-03,+1.752764E+00,+20.101E-03
-44.872E-03,+1.732663E+00,+40.201E-03
-44.772E-03,+1.737689E+00,+0.0E+00
-44.672E-03,+1.752764E+00,-80.402E-03
-44.572E-03,+1.747739E+00,+0.0E+00
-44.472E-03,+1.752764E+00,+0.0E+00
-44.372E-03,+1.762814E+00,+0.0E+00
-44.272E-03,+1.732663E+00,-0.0E+00
-44.172E-03,+1.732663E+00,+0.0E+00
-44.072E-03,+1.752764E+00,+0.0E+00
-43.972E-03,+1.747739E+00,+0.0E+00
-43.872E-03,+1.712563E+00,+0.0E+00
-43.772E-03,+1.732663E+00,+0.0E+00
-43.672E-03,+1.742714E+00,+0.0E+00
-43.572E-03,+1.737689E+00,+0.0E+00
-43.472E-03,+1.752764E+00,-0.0E+00
-43.372E-03,+1.732663E+00,+0.0E+00
-43.272E-03,+1.742714E+00,+0.0E+00
-43.172E-03,+1.732663E+00,+0.0E+00
-43.072E-03,+1.732663E+00,+0.0E+00
-42.972E-03,+1.742714E+00,+0.0E+00
-42.872E-03,+1.742714E+00,+0.0E+00
-42.772E-03,+1.747739E+00,+0.0E+00
-42.672E-03,+1.732663E+00,+0.0E+00
-42.572E-03,+1.712563E+00,-60.302E-03
-42.472E-03,+1.742714E+00,+0.0E+00
-42.372E-03,+1.752764E+00,-60.302E-03
-42.272E-03,+1.732663E+00,+0.0E+00
-42.172E-03,+1.747739E+00,+0.0E+00
-42.072E-03,+1.722613E+00,-40.201E-03
-41.972E-03,+1.737689E+00,-60.302E-03
-41.872E-03,+1.732663E+00,-0.0E+00
-41.772E-03,+1.732663E+00,-20.101E-03
-41.672E-03,+1.732663E+00,-80.402E-03
-41.572E-03,+1.737689E+00,+0.0E+00
-41.472E-03,+1.752764E+00,+0.0E+00
-41.372E-03,+1.742714E+00,-80.402E-03
-41.272E-03,+1.752764E+00,+0.0E+00
-41.172E-03,+1.737689E+00,+0.0E+00
-41.072E-03,+1.732663E+00,-80.402E-03
-40.972E-03,+1.737689E+00,-60.302E-03
-40.872E-03,+1.742714E+00,-40.201E-03
-40.772E-03,+1.747739E+00,+0.0E+00
-40.672E-03,+1.732663E+00,+0.0E+00
-40.572E-03,+1.702513E+00,+0.0E+00
-40.472E-03,+1.752764E+00,-40.201E-03
-40.372E-03,+1.732663E+00,+0.0E+00
-40.272E-03,+1.752764E+00,+0.0E+00
-40.172E-03,+1.742714E+00,-60.302E-03
-40.072E-03,+1.732663E+00,-40.201E-03
-39.972E-03,+1.732663E+00,-60.302E-03
-39.872E-03,+1.712563E+00,+80.402E-03
-39.772E-03,+1.737689E+00,+0.0E+00
-39.672E-03,+1.722613E+00,+0.0E+00
-39.572E-03,+1.757789E+00,+0.0E+00
-39.472E-03,+1.732663E+00,+0.0E+00
-39.372E-03,+1.732663E+00,+0.0E+00
-39.272E-03,+1.732663E+00,+0.0E+00
-39.172E-03,+1.732663E+00,+0.0E+00
-39.072E-03,+1.712563E+00,-0.0E+00
-38.972E-03,+1.752764E+00,+0.0E+00
-38.872E-03,+1.742714E+00,+0.0E+00
-38.772E-03,+1.752764E+00,-20.101E-03
-38.672E-03,+1.732663E+00,+0.0E+00
-38.572E-03,+1.737689E+00,+0.0E+00
-38.472E-03,+1.732663E+00,-40.201E-03
-38.372E-03,+1.732663E+00,+0.0E+00
-38.272E-03,+1.712563E+00,+0.0E+00
-38.172E-03,+1.762814E+00,+0.0E+00
-38.072E-03,+1.742714E+00,-40.201E-03
-37.972E-03,+1.747739E+00,-60.302E-03
-37.872E-03,+1.772864E+00,-80.402E-03
-37.772E-03,+1.737689E+00,+0.0E+00
-37.672E-03,+1.752764E+00,+0.0E+00
-37.572E-03,+1.752764E+00,+20.101E-03
-37.472E-03,+1.752764E+00,+0.0E+00
-37.372E-03,+1.742714E+00,+0.0E+00
-37.272E-03,+1.722613E+00,+0.0E+00
-37.172E-03,+1.747739E+00,+0.0E+00
-37.072E-03,+1.752764E+00,-80.402E-03
-36.972E-03,+1.722613E+00,+0.0E+00
-36.872E-03,+1.752764E+00,+0.0E+00
-36.772E-03,+1.737689E+00,+0.0E+00
-36.672E-03,+1.732663E+00,-0.0E+00
-36.572E-03,+1.742714E+00,-20.101E-03
-36.472E-03,+1.722613E+00,+0.0E+00
-36.372E-03,+1.742714E+00,-60.302E-03
-36.272E-03,+1.732663E+00,-80.402E-03
-36.172E-03,+1.717588E+00,+0.0E+00
-36.072E-03,+1.732663E+00,+0.0E+00
-35.972E-03,+1.752764E+00,+0.0E+00
-35.872E-03,+1.732663E+00,+0.0E+00
-35.772E-03,+1.717588E+00,+0.0E+00
-35.672E-03,+1.742714E+00,-40.201E-03
-35.572E-03,+1.732663E+00,+0.0E+00
-35.472E-03,+1.732663E+00,-0.0E+00
-35.372E-03,+1.732663E+00,+0.0E+00
-35.272E-03,+1.742714E+00,+0.0E+00
-35.172E-03,+1.732663E+00,+0.0E+00
-35.072E-03,+1.712563E+00,+0.0E+00
-34.972E-03,+1.717588E+00,+0.0E+00
-34.872E-03,+1.732663E+00,+0.0E+00
-34.772E-03,+1.737689E+00,+0.0E+00
-34.672E-03,+1.752764E+00,+0.0E+00
-34.572E-03,+1.747739E+00,+0.0E+00
-34.472E-03,+1.732663E+00,-40.201E-03
-34.372E-03,+1.747739E+00,+0.0E+00
-34.272E-03,+1.752764E+00,+0.0E+00
-34.172E-03,+1.762814E+00,-60.302E-03
-34.072E-03,+1.732663E+00,+40.201E-03
-33.972E-03,+1.717588E+00,-20.101E-03
-33.872E-03,+1.752764E+00,+0.0E+00
-33.772E-03,+1.737689E+00,+0.0E+00
-33.672E-03,+1.722613E+00,+0.0E+00
-33.572E-03,+1.737689E+00,-20.101E-03
-33.472E-03,+1.712563E+00,+0.0E+00
-33.372E-03,+1.742714E+00,+0.0E+00
-33.272E-03,+1.722613E+00,-40.201E-03
-33.172E-03,+1.737689E+00,+0.0E+00
-33.072E-03,+1.712563E+00,+80.402E-03
-32.972E-03,+1.762814E+00,-20.101E-03
-32.872E-03,+1.732663E+00,+0.0E+00
-32.772E-03,+1.757789E+00,+20.101E-03
-32.672E-03,+1.752764E+00,+0.0E+00
-32.572E-03,+1.782915E+00,-60.302E-03
-32.472E-03,+1.742714E+00,+0.0E+00
-32.372E-03,+1.747739E+00,+0.0E+00
-32.272E-03,+1.732663E+00,-80.402E-03
-32.172E-03,+1.757789E+00,-60.302E-03
-32.072E-03,+1.772864E+00,+0.0E+00
-31.972E-03,+1.732663E+00,+0.0E+00
-31.872E-03,+1.752764E+00,-80.402E-03
-31.772E-03,+1.752764E+00,-60.302E-03
-31.672E-03,+1.742714E+00,+0.0E+00
-31.572E-03,+1.732663E+00,+0.0E+00
-31.472E-03,+1.732663E+00,+0.0E+00
-31.372E-03,+1.732663E+00,+0.0E+00
-31.272E-03,+1.742714E+00,-40.201E-03
-31.172E-03,+1.732663E+00,+0.0E+00
-31.072E-03,+1.732663E+00,+0.0E+00
-30.972E-03,+1.717588E+00,-80.402E-03
-30.872E-03,+1.752764E+00,-40.201E-03
-30.772E-03,+1.737689E+00,+0.0E+00
-30.672E-03,+1.732663E+00,+80.402E-03
-30.572E-03,+1.747739E+00,+0.0E+00
-30.472E-03,+1.732663E+00,+0.0E+00
-30.372E-03,+1.737689E+00,+0.0E+00
-30.272E-03,+1.792965E+00,-80.402E-03
-30.172E-03,+1.732663E+00,+0.0E+00
-30.072E-03,+1.742714E+00,+0.0E+00
-29.972E-03,+1.737689E+00,+0.0E+00
-29.872E-03,+1.732663E+00,+0.0E+00
-29.772E-03,+1.747739E+00,+0.0E+00
-29.672E-03,+1.732663E+00,+0.0E+00
-29.572E-03,+1.742714E+00,-60.302E-03
-29.472E-03,+1.752764E+00,+0.0E+00
-29.372E-03,+1.762814E+00,+0.0E+00
-29.272E-03,+1.732663E+00,-40.201E-03
-29.172E-03,+1.732663E+00,+0.0E+00
-29.072E-03,+1.732663E+00,+0.0E+00
-28.972E-03,+1.747739E+00,+20.101E-03
-28.872E-03,+1.732663E+00,+0.0E+00
-28.772E-03,+1.747739E+00,-60.302E-03
-28.672E-03,+1.772864E+00,+0.0E+00
-28.572E-03,+1.727638E+00,+0.0E+00
-28.472E-03,+1.742714E+00,-40.201E-03
-28.372E-03,+1.722613E+00,+0.0E+00
-28.272E-03,+1.732663E+00,+0.0E+00
-28.172E-03,+1.747739E+00,+0.0E+00
-28.072E-03,+1.732663E+00,+0.0E+00
-27.972E-03,+1.732663E+00,+0.0E+00
-27.872E-03,+1.752764E+00,+0.0E+00
-27.772E-03,+1.732663E+00,-60.302E-03
-27.672E-03,+1.742714E+00,-40.201E-03
-27.572E-03,+1.737689E+00,+0.0E+00
-27.472E-03,+1.752764E+00,+0.0E+00
-27.372E-03,+1.742714E+00,+0.0E+00
-27.272E-03,+1.732663E+00,+0.0E+00
-27.172E-03,+1.722613E+00,+0.0E+00
-27.072E-03,+1.712563E+00,+0.0E+00
-26.972E-03,+1.727638E+00,-60.302E-03
-26.872E-03,+1.732663E+00,+0.0E+00
-26.772E-03,+1.732663E+00,+0.0E+00
-26.672E-03,+1.732663E+00,+0.0E+00
-26.572E-03,+1.737689E+00,-20.101E-03
-26.472E-03,+1.732663E+00,+0.0E+00
-26.372E-03,+1.707538E+00,+0.0E+00
-26.272E-03,+1.772864E+00,+0.0E+00
-26.172E-03,+1.732663E+00,+0.0E+00
-26.072E-03,+1.732663E+00,-40.201E-03
-25.972E-03,+1.732663E+00,-80.402E-03
-25.872E-03,+1.712563E+00,-0.0E+00
-25.772E-03,+1.767839E+00,+0.0E+00
-25.672E-03,+1.732663E+00,+40.201E-03
-25.572E-03,+1.732663E+00,-20.101E-03
-25.472E-03,+1.732663E+00,+0.0E+00
-25.372E-03,+1.747739E+00,+0.0E+00
-25.272E-03,+1.732663E+00,+0.0E+00
-25.172E-03,+1.732663E+00,-60.302E-03
-25.072E-03,+1.752764E+00,+0.0E+00
-24.972E-03,+1.717588E+00,-60.302E-03
-24.872E-03,+1.742714E+00,+0.0E+00
-24.772E-03,+1.737689E+00,+0.0E+00
-24.672E-03,+1.712563E+00,-80.402E-03
-24.572E-03,+1.732663E+00,+0.0E+00
-24.472E-03,+1.742714E+00,+0.0E+00
-24.372E-03,+1.732663E+00,+0.0E+00
-24.272E-03,+1.752764E+00,+0.0E+00
-24.172E-03,+1.737689E+00,+0.0E+00
-24.072E-03,+1.742714E+00,+0.0E+00
-23.972E-03,+1.747739E+00,+0.0E+00
-23.872E-03,+1.792965E+00,+80.402E-03
-23.772E-03,+1.727638E+00,+0.0E+00
-23.672E-03,+1.732663E+00,+0.0E+00
-23.572E-03,+1.737689E+00,-60.302E-03
-23.472E-03,+1.752764E+00,+0.0E+00
-23.372E-03,+1.732663E+00,+0.0E+00
-23.272E-03,+1.732663E+00,+0.0E+00
-23.172E-03,+1.732663E+00,-20.101E-03
-23.072E-03,+1.732663E+00,+0.0E+00
-22.972E-03,+1.752764E+00,+0.0E+00
-22.872E-03,+1.752764E+00,+0.0E+00
-22.772E-03,+1.747739E+00,+0.0E+00
-22.672E-03,+1.752764E+00,+0.0E+00
-22.572E-03,+1.757789E+00,+0.0E+00
-22.472E-03,+1.762814E+00,+0.0E+00
-22.372E-03,+1.757789E+00,+0.0E+00
-22.272E-03,+1.752764E+00,-80.402E-03
-22.172E-03,+1.737689E+00,+0.0E+00
-22.072E-03,+1.732663E+00,-40.201E-03
-21.972E-03,+1.777890E+00,+0.0E+00
-21.872E-03,+1.752764E+00,-80.402E-03
-21.772E-03,+1.732663E+00,+0.0E+00
-21.672E-03,+1.742714E+00,+0.0E+00
-21.572E-03,+1.737689E+00,+0.0E+00
-21.472E-03,+1.732663E+00,+0.0E+00
-21.372E-03,+1.747739E+00,-60.302E-03
-21.272E-03,+1.742714E+00,-40.201E-03
-21.172E-03,+1.732663E+00,-60.302E-03
-21.072E-03,+1.712563E+00,+0.0E+00
-20.972E-03,+1.757789E+00,-20.101E-03
-20.872E-03,+1.732663E+00,-40.201E-03
-20.772E-03,+1.737689E+00,+0.0E+00
-20.672E-03,+1.732663E+00,+0.0E+00
-20.572E-03,+1.757789E+00,+0.0E+00
-20.472E-03,+1.712563E+00,-40.201E-03
-20.372E-03,+1.727638E+00,+0.0E+00
-20.272E-03,+1.732663E+00,-80.402E-03
-20.172E-03,+1.747739E+00,+0.0E+00
-20.072E-03,+1.732663E+00,+0.0E+00
-19.972E-03,+1.747739E+00,+0.0E+00
-19.872E-03,+1.732663E+00,+80.402E-03
-19.772E-03,+1.727638E+00,-20.101E-03
-19.672E-03,+1.742714E+00,+0.0E+00
-19.572E-03,+1.747739E+00,+0.0E+00
-19.472E-03,+1.732663E+00,+0.0E+00
-19.372E-03,+1.717588E+00,+0.0E+00
-19.272E-03,+1.712563E+00,+0.0E+00
-19.172E-03,+1.747739E+00,+0.0E+00
-19.072E-03,+1.732663E+00,+0.0E+00
-18.972E-03,+1.732663E+00,+0.0E+00
-18.872E-03,+1.742714E+00,+0.0E+00
-18.772E-03,+1.732663E+00,+0.0E+00
-18.672E-03,+1.752764E+00,+0.0E+00
-18.572E-03,+1.732663E+00,+0.0E+00
-18.472E-03,+1.742714E+00,+0.0E+00
-18.372E-03,+1.732663E+00,+0.0E+00
-18.272E-03,+1.752764E+00,+80.402E-03
-18.172E-03,+1.722613E+00,+0.0E+00
-18.072E-03,+1.732663E+00,-40.201E-03
-17.972E-03,+1.732663E+00,+0.0E+00
-17.872E-03,+1.712563E+00,-80.402E-03
-17.772E-03,+1.722613E+00,+0.0E+00
-17.672E-03,+1.732663E+00,+0.0E+00
-17.572E-03,+1.727638E+00,-40.201E-03
-17.472E-03,+1.692462E+00,-80.402E-03
-17.372E-03,+1.737689E+00,+0.0E+00
-17.272E-03,+1.722613E+00,-40.201E-03
-17.172E-03,+1.742714E+00,+0.0E+00
-17.072E-03,+1.732663E+00,+0.0E+00
-16.972E-03,+1.752764E+00,+0.0E+00
-16.872E-03,+1.732663E+00,+0.0E+00
-16.772E-03,+1.747739E+00,+0.0E+00
-16.672E-03,+1.712563E+00,-0.0E+00
-16.572E-03,+1.717588E+00,+0.0E+00
-16.472E-03,+1.742714E+00,-40.201E-03
-16.372E-03,+1.732663E+00,-20.101E-03
-16.272E-03,+1.732663E+00,+0.0E+00
-16.172E-03,+1.732663E+00,-60.302E-03
-16.072E-03,+1.762814E+00,-40.201E-03
-15.972E-03,+1.737689E+00,+0.0E+00
-15.872E-03,+1.732663E+00,+0.0E+00
-15.772E-03,+1.747739E+00,+0.0E+00
-15.672E-03,+1.762814E+00,+0.0E+00
-15.572E-03,+1.727638E+00,+0.0E+00
-15.472E-03,+1.712563E+00,+0.0E+00
-15.372E-03,+1.747739E+00,+0.0E+00
-15.272E-03,+1.732663E+00,+0.0E+00
-15.172E-03,+1.732663E+00,+0.0E+00
-15.072E-03,+1.732663E+00,+80.402E-03
-14.972E-03,+1.747739E+00,+0.0E+00
-14.872E-03,+1.752764E+00,+0.0E+00
-14.772E-03,+1.717588E+00,-60.302E-03
-14.672E-03,+1.772864E+00,+0.0E+00
-14.572E-03,+1.757789E+00,+0.0E+00
-14.472E-03,+1.722613E+00,-40.201E-03
-14.372E-03,+1.737689E+00,+0.0E+00
-14.272E-03,+1.732663E+00,+0.0E+00
-14.172E-03,+1.752764E+00,-20.101E-03
-14.072E-03,+1.742714E+00,+0.0E+00
-13.972E-03,+1.732663E+00,+0.0E+00
-13.872E-03,+1.752764E+00,-80.402E-03
-13.772E-03,+1.737689E+00,-20.101E-03
-13.672E-03,+1.732663E+00,+0.0E+00
-13.572E-03,+1.757789E+00,+0.0E+00
-13.472E-03,+1.732663E+00,-80.402E-03
-13.372E-03,+1.747739E+00,+0.0E+00
-13.272E-03,+1.732663E+00,+0.0E+00
-13.172E-03,+1.747739E+00,-20.101E-03
-13.072E-03,+1.732663E+00,+0.0E+00
-12.972E-03,+1.732663E+00,+0.0E+00
-12.872E-03,+1.742714E+00,+0.0E+00
-12.772E-03,+1.712563E+00,-20.101E-03
-12.672E-03,+1.732663E+00,+0.0E+00
-12.572E-03,+1.732663E+00,-20.101E-03
-12.472E-03,+1.732663E+00,+0.0E+00
-12.372E-03,+1.747739E+00,+0.0E+00
-12.272E-03,+1.752764E+00,+0.0E+00
-12.172E-03,+1.752764E+00,+0.0E+00
-12.072E-03,+1.732663E+00,+0.0E+00
-11.972E-03,+1.747739E+00,-20.101E-03
-11.872E-03,+1.752764E+00,+0.0E+00
-11.772E-03,+1.737689E+00,+0.0E+00
-11.672E-03,+1.752764E+00,+0.0E+00
-11.572E-03,+1.732663E+00,-20.101E-03
-11.472E-03,+1.732663E+00,+0.0E+00
-11.372E-03,+1.732663E+00,+0.0E+00
-11.272E-03,+1.742714E+00,+0.0E+00
-11.172E-03,+1.732663E+00,+0.0E+00
-11.072E-03,+1.712563E+00,-80.402E-03
-10.972E-03,+1.737689E+00,+0.0E+00
-10.872E-03,+1.722613E+00,+0.0E+00
-10.772E-03,+1.747739E+00,-20.101E-03
-10.672E-03,+1.772864E+00,+0.0E+00
-10.572E-03,+1.727638E+00,+0.0E+00
-10.472E-03,+1.752764E+00,+0.0E+00
-10.372E-03,+1.757789E+00,-80.402E-03
-10.272E-03,+1.772864E+00,+0.0E+00
-10.172E-03,+1.727638E+00,-80.402E-03
-10.072E-03,+1.732663E+00,-80.402E-03
-9.972E-03,+1.717588E+00,-60.302E-03
-9.872E-03,+1.732663E+00,+0.0E+00
-9.772E-03,+1.757789E+00,+0.0E+00
-9.672E-03,+1.752764E+00,+0.0E+00
-9.572E-03,+1.742714E+00,-60.302E-03
-9.472E-03,+1.752764E+00,+0.0E+00
-9.372E-03,+1.732663E+00,+0.0E+00
-9.272E-03,+1.732663E+00,-40.201E-03
-9.172E-03,+1.752764E+00,-60.302E-03
-9.072E-03,+1.732663E+00,+0.0E+00
-8.972E-03,+1.722613E+00,+20.101E-03
-8.872E-03,+1.732663E+00,+0.0E+00
-8.772E-03,+1.727638E+00,+0.0E+00
-8.672E-03,+1.752764E+00,+0.0E+00
-8.572E-03,+1.727638E+00,+60.302E-03
-8.472E-03,+1.742714E+00,-40.201E-03
-8.372E-03,+1.707538E+00,+0.0E+00
-8.272E-03,+1.732663E+00,-80.402E-03
-8.172E-03,+1.752764E+00,-20.101E-03
-8.072E-03,+1.742714E+00,+0.0E+00
-7.972E-03,+1.732663E+00,-60.302E-03
-7.872E-03,+1.732663E+00,-80.402E-03
-7.772E-03,+1.742714E+00,-60.302E-03
-7.672E-03,+1.722613E+00,+0.0E+00
-7.572E-03,+1.732663E+00,+0.0E+00
-7.472E-03,+1.732663E+00,-80.402E-03
-7.372E-03,+1.757789E+00,+0.0E+00
-7.272E-03,+1.722613E+00,+0.0E+00
-7.172E-03,+1.737689E+00,+20.101E-03
-7.072E-03,+1.732663E+00,-0.0E+00
-6.972E-03,+1.732663E+00,+0.0E+00
-6.872E-03,+1.752764E+00,+0.0E+00
-6.772E-03,+1.747739E+00,+0.0E+00
-6.672E-03,+1.732663E+00,+0.0E+00
-6.572E-03,+1.737689E+00,+0.0E+00
-6.472E-03,+1.742714E+00,+0.0E+00
-6.372E-03,+1.762814E+00,-60.302E-03
-6.272E-03,+1.752764E+00,-0.0E+00
-6.172E-03,+1.722613E+00,+0.0E+00
-6.072E-03,+1.732663E+00,+0.0E+00
-5.972E-03,+1.752764E+00,-60.302E-03
-5.872E-03,+1.752764E+00,-0.0E+00
-5.772E-03,+1.752764E+00,+0.0E+00
-5.672E-03,+1.742714E+00,+0.0E+00
-5.572E-03,+1.717588E+00,+0.0E+00
-5.472E-03,+1.732663E+00,+0.0E+00
-5.372E-03,+1.732663E+00,+0.0E+00
-5.272E-03,+1.732663E+00,+0.0E+00
-5.172E-03,+1.732663E+00,-60.302E-03
-5.072E-03,+1.752764E+00,+0.0E+00
-4.972E-03,+1.727638E+00,+0.0E+00
-4.872E-03,+1.712563E+00,-80.402E-03
-4.772E-03,+1.722613E+00,-20.101E-03
-4.672E-03,+1.752764E+00,-80.402E-03
-4.572E-03,+1.722613E+00,+0.0E+00
-4.472E-03,+1.752764E+00,+0.0E+00
-4.372E-03,+1.717588E+00,-60.302E-03
-4.272E-03,+1.732663E+00,+0.0E+00
-4.172E-03,+1.747739E+00,+0.0E+00
-4.072E-03,+1.742714E+00,+0.0E+00
-3.972E-03,+1.737689E+00,-20.101E-03
-3.872E-03,+1.732663E+00,+0.0E+00
-3.772E-03,+1.752764E+00,-60.302E-03
-3.672E-03,+1.732663E+00,+0.0E+00
-3.572E-03,+1.742714E+00,+0.0E+00
-3.472E-03,+1.712563E+00,-0.0E+00
-3.372E-03,+1.727638E+00,-60.302E-03
-3.272E-03,+1.732663E+00,+0.0E+00
-3.172E-03,+1.737689E+00,-60.302E-03
-3.072E-03,+1.692462E+00,+0.0E+00
-2.972E-03,+1.757789E+00,+0.0E+00
-2.872E-03,+1.722613E+00,+0.0E+00
-2.772E-03,+1.757789E+00,+0.0E+00
-2.672E-03,+1.732663E+00,+0.0E+00
-2.572E-03,+1.727638E+00,-60.302E-03
-2.472E-03,+1.742714E+00,-40.201E-03
-2.372E-03,+1.767839E+00,-80.402E-03
-2.272E-03,+1.732663E+00,+0.0E+00
-2.172E-03,+1.747739E+00,+0.0E+00
-2.072E-03,+1.752764E+00,-40.201E-03
-1.972E-03,+1.732663E+00,+0.0E+00
-1.872E-03,+1.752764E+00,-80.402E-03
-1.772E-03,+1.727638E+00,+0.0E+00
-1.672E-03,+1.712563E+00,+0.0E+00
-1.572E-03,+1.717588E+00,+0.0E+00
-1.472E-03,+1.732663E+00,+0.0E+00
-1.372E-03,+1.732663E+00,+0.0E+00
-1.272E-03,+1.752764E+00,+0.0E+00
-1.172E-03,+1.762814E+00,+60.302E-03
-1.072E-03,+1.752764E+00,+0.0E+00
-972E-06,+1.747739E+00,+0.0E+00
-872E-06,+1.732663E+00,+0.0E+00
-772E-06,+1.737689E+00,-60.302E-03
-672E-06,+1.752764E+00,-80.402E-03
-572E-06,+1.757789E+00,+0.0E+00
-472E-06,+1.732663E+00,+0.0E+00
-372E-06,+1.737689E+00,-20.101E-03
-272E-06,+1.732663E+00,+0.0E+00
-172E-06,+1.727638E+00,+0.0E+00
-72E-06,+1.762814E+00,+0.0E+00
+28E-06,+1.712563E+00,-60.302E-03
+128E-06,+1.772864E+00,+0.0E+00
+228E-06,+1.737689E+00,+0.0E+00
+328E-06,+1.722613E+00,+0.0E+00
+428E-06,+1.747739E+00,+0.0E+00
+528E-06,+1.752764E+00,+0.0E+00
+628E-06,+1.722613E+00,+0.0E+00
+728E-06,+1.732663E+00,+0.0E+00
+828E-06,+1.737689E+00,+0.0E+00
+928E-06,+1.752764E+00,+0.0E+00
+1.028E-03,+1.732663E+00,+60.302E-03
+1.128E-03,+1.752764E+00,+0.0E+00
+1.228E-03,+1.732663E+00,+0.0E+00
+1.328E-03,+1.712563E+00,+0.0E+00
+1.428E-03,+1.732663E+00,+60.302E-03
+1.528E-03,+1.722613E+00,+0.0E+00
+1.628E-03,+1.737689E+00,+0.0E+00
+1.728E-03,+1.752764E+00,-80.402E-03
+1.828E-03,+1.732663E+00,+0.0E+00
+1.928E-03,+1.722613E+00,+0.0E+00
+2.028E-03,+1.737689E+00,+0.0E+00
+2.128E-03,+1.752764E+00,+0.0E+00
+2.228E-03,+1.737689E+00,-60.302E-03
+2.328E-03,+1.732663E+00,+0.0E+00
+2.428E-03,+1.752764E+00,+0.0E+00
+2.528E-03,+1.712563E+00,-80.402E-03
+2.628E-03,+1.737689E+00,+0.0E+00
+2.728E-03,+1.732663E+00,+0.0E+00
+2.828E-03,+1.732663E+00,+0.0E+00
+2.928E-03,+1.752764E+00,+0.0E+00
+3.028E-03,+1.737689E+00,+0.0E+00
+3.128E-03,+1.742714E+00,+0.0E+00
+3.228E-03,+1.737689E+00,+0.0E+00
+3.328E-03,+1.732663E+00,-0.0E+00
+3.428E-03,+1.727638E+00,+60.302E-03
+3.528E-03,+1.742714E+00,+0.0E+00
+3.628E-03,+1.762814E+00,+0.0E+00
+3.728E-03,+1.732663E+00,+0.0E+00
+3.828E-03,+1.737689E+00,+3.316583E+00
+3.928E-03,+1.762814E+00,+3.296482E+00
+4.028E-03,+1.883417E+00,+3.376884E+00
+4.128E-03,+1.993970E+00,+3.296482E+00
+4.228E-03,+2.074372E+00,+3.356784E+00
+4.328E-03,+2.134673E+00,+3.256281E+00
+4.428E-03,+2.215075E+00,+3.316583E+00
+4.528E-03,+2.255276E+00,+3.296482E+00
+4.628E-03,+2.295477E+00,+3.296482E+00
+4.728E-03,+2.325628E+00,+3.296482E+00
+4.828E-03,+2.355779E+00,+3.296482E+00
+4.928E-03,+2.395980E+00,+3.216080E+00
+5.028E-03,+2.401005E+00,+3.296482E+00
+5.128E-03,+2.436181E+00,+3.256281E+00
+5.228E-03,+2.436181E+00,+3.236181E+00
+5.328E-03,+2.456281E+00,+3.296482E+00
+5.428E-03,+2.476382E+00,+3.296482E+00
+5.528E-03,+2.446231E+00,+3.296482E+00
+5.628E-03,+2.456281E+00,+3.296482E+00
+5.728E-03,+2.496482E+00,+3.216080E+00
+5.828E-03,+2.496482E+00,+3.296482E+00
+5.928E-03,+2.516583E+00,+3.296482E+00
+6.028E-03,+2.516583E+00,+3.296482E+00
+6.128E-03,+2.516583E+00,+3.296482E+00
+6.228E-03,+2.581910E+00,+3.296482E+00
+6.328E-03,+2.556784E+00,+3.296482E+00
+6.428E-03,+2.571859E+00,+3.316583E+00
+6.528E-03,+2.556784E+00,+3.296482E+00
+6.628E-03,+2.576884E+00,+3.276382E+00
+6.728E-03,+2.566834E+00,+3.296482E+00
+6.828E-03,+2.581910E+00,+3.276382E+00
+6.928E-03,+2.576884E+00,+3.296482E+00
+7.028E-03,+2.556784E+00,+3.296482E+00
+7.128E-03,+2.546734E+00,+3.256281E+00
+7.228E-03,+2.576884E+00,+3.276382E+00
+7.328E-03,+2.556784E+00,+3.216080E+00
+7.428E-03,+2.521608E+00,+3.296482E+00
+7.528E-03,+2.536683E+00,+3.216080E+00
+7.628E-03,+2.541709E+00,+3.296482E+00
+7.728E-03,+2.536683E+00,+3.296482E+00
+7.828E-03,+2.546734E+00,+3.236181E+00
+7.928E-03,+2.576884E+00,+3.296482E+00
+8.028E-03,+2.546734E+00,+3.276382E+00
+8.128E-03,+2.576884E+00,+3.296482E+00
+8.228E-03,+2.586935E+00,+3.276382E+00
+8.328E-03,+2.586935E+00,+3.296482E+00
+8.428E-03,+2.602010E+00,+3.276382E+00
+8.528E-03,+2.596985E+00,+3.296482E+00
+8.628E-03,+2.607035E+00,+3.276382E+00
+8.728E-03,+2.586935E+00,+3.256281E+00
+8.828E-03,+2.586935E+00,+3.276382E+00
+8.928E-03,+2.556784E+00,+3.216080E+00
+9.028E-03,+2.632161E+00,+3.276382E+00
+9.128E-03,+2.627136E+00,+3.256281E+00
+9.228E-03,+2.617085E+00,+3.276382E+00
+9.328E-03,+2.657286E+00,+3.296482E+00
+9.428E-03,+2.632161E+00,+3.296482E+00
+9.528E-03,+2.627136E+00,+3.256281E+00
+9.628E-03,+2.602010E+00,+3.296482E+00
+9.728E-03,+2.617085E+00,+3.216080E+00
+9.828E-03,+2.622111E+00,+3.276382E+00
+9.928E-03,+2.617085E+00,+3.296482E+00
+10.028E-03,+2.591960E+00,+3.236181E+00
+10.128E-03,+2.617085E+00,+3.296482E+00
+10.228E-03,+2.617085E+00,+3.356784E+00
+10.328E-03,+2.627136E+00,+3.296482E+00
+10.428E-03,+2.632161E+00,+3.216080E+00
+10.528E-03,+2.617085E+00,+3.296482E+00
+10.628E-03,+2.596985E+00,+3.216080E+00
+10.728E-03,+2.637186E+00,+3.256281E+00
+10.828E-03,+2.632161E+00,+3.216080E+00
+10.928E-03,+2.617085E+00,+3.296482E+00
+11.028E-03,+2.617085E+00,+3.216080E+00
+11.128E-03,+2.627136E+00,+3.296482E+00
+11.228E-03,+2.632161E+00,+3.296482E+00
+11.328E-03,+2.617085E+00,+3.296482E+00
+11.428E-03,+2.607035E+00,+3.216080E+00
+11.528E-03,+2.617085E+00,+3.216080E+00
+11.628E-03,+2.607035E+00,+3.216080E+00
+11.728E-03,+2.637186E+00,+3.296482E+00
+11.828E-03,+2.622111E+00,+3.236181E+00
+11.928E-03,+2.627136E+00,+3.296482E+00
+12.028E-03,+2.607035E+00,+3.216080E+00
+12.128E-03,+2.617085E+00,+3.296482E+00
+12.228E-03,+2.632161E+00,+3.296482E+00
+12.328E-03,+2.627136E+00,+3.296482E+00
+12.428E-03,+2.652261E+00,+3.276382E+00
+12.528E-03,+2.637186E+00,+3.216080E+00
+12.628E-03,+2.622111E+00,+3.296482E+00
+12.728E-03,+2.607035E+00,+3.296482E+00
+12.828E-03,+2.632161E+00,+3.216080E+00
+12.928E-03,+2.617085E+00,+3.216080E+00
+13.028E-03,+2.637186E+00,+3.216080E+00
+13.128E-03,+2.627136E+00,+3.256281E+00
+13.228E-03,+2.622111E+00,+3.296482E+00
+13.328E-03,+2.657286E+00,+3.216080E+00
+13.428E-03,+2.632161E+00,+3.236181E+00
+13.528E-03,+2.596985E+00,+3.256281E+00
+13.628E-03,+2.617085E+00,+3.296482E+00
+13.728E-03,+2.617085E+00,+3.216080E+00
+13.828E-03,+2.622111E+00,+3.236181E+00
+13.928E-03,+2.617085E+00,+3.216080E+00
+14.028E-03,+2.637186E+00,+3.276382E+00
+14.128E-03,+2.637186E+00,+3.296482E+00
+14.228E-03,+2.647236E+00,+3.216080E+00
+14.328E-03,+2.627136E+00,+3.256281E+00
+14.428E-03,+2.617085E+00,+3.296482E+00
+14.528E-03,+2.617085E+00,+3.296482E+00
+14.628E-03,+2.637186E+00,+3.276382E+00
+14.728E-03,+2.637186E+00,+3.256281E+00
+14.828E-03,+2.622111E+00,+3.236181E+00
+14.928E-03,+2.637186E+00,+3.216080E+00
+15.028E-03,+2.617085E+00,+3.236181E+00
+15.128E-03,+2.627136E+00,+3.296482E+00
+15.228E-03,+2.602010E+00,+3.296482E+00
+15.328E-03,+2.637186E+00,+3.216080E+00
+15.428E-03,+2.637186E+00,+3.296482E+00
+15.528E-03,+2.627136E+00,+3.256281E+00
+15.628E-03,+2.602010E+00,+3.276382E+00
+15.728E-03,+2.637186E+00,+3.216080E+00
+15.828E-03,+2.637186E+00,+3.276382E+00
+15.928E-03,+2.596985E+00,+3.256281E+00
+16.028E-03,+2.632161E+00,+3.296482E+00
+16.128E-03,+2.617085E+00,+3.296482E+00
+16.228E-03,+2.612060E+00,+3.296482E+00
+16.328E-03,+2.647236E+00,+3.296482E+00
+16.428E-03,+2.627136E+00,+3.296482E+00
+16.528E-03,+2.617085E+00,+3.296482E+00
+16.628E-03,+2.652261E+00,+3.236181E+00
+16.728E-03,+2.617085E+00,+3.256281E+00
+16.828E-03,+2.617085E+00,+3.216080E+00
+16.928E-03,+2.617085E+00,+3.296482E+00
+17.028E-03,+2.632161E+00,+3.276382E+00
+17.128E-03,+2.596985E+00,+3.296482E+00
+17.228E-03,+2.637186E+00,+3.236181E+00
+17.328E-03,+2.657286E+00,+3.216080E+00
+17.428E-03,+2.602010E+00,+3.276382E+00
+17.528E-03,+2.627136E+00,+3.296482E+00
+17.628E-03,+2.622111E+00,+3.216080E+00
+17.728E-03,+2.617085E+00,+3.296482E+00
+17.828E-03,+2.612060E+00,+3.236181E+00
+17.928E-03,+2.617085E+00,+3.216080E+00
+18.028E-03,+2.617085E+00,+3.236181E+00
+18.128E-03,+2.617085E+00,+3.216080E+00
+18.228E-03,+2.617085E+00,+3.296482E+00
+18.328E-03,+2.627136E+00,+3.256281E+00
+18.428E-03,+2.596985E+00,+3.236181E+00
+18.528E-03,+2.637186E+00,+3.296482E+00
+18.628E-03,+2.632161E+00,+3.296482E+00
+18.728E-03,+2.627136E+00,+3.296482E+00
+18.828E-03,+2.586935E+00,+3.216080E+00
+18.928E-03,+2.637186E+00,+3.216080E+00
+19.028E-03,+2.622111E+00,+3.296482E+00
+19.128E-03,+2.617085E+00,+3.216080E+00
+19.228E-03,+2.612060E+00,+3.216080E+00
+19.328E-03,+2.637186E+00,+3.296482E+00
+19.428E-03,+2.632161E+00,+3.296482E+00
+19.528E-03,+2.617085E+00,+3.296482E+00
+19.628E-03,+2.617085E+00,+3.236181E+00
+19.728E-03,+2.657286E+00,+3.296482E+00
+19.828E-03,+2.586935E+00,+3.216080E+00
+19.928E-03,+2.627136E+00,+3.256281E+00
+20.028E-03,+2.627136E+00,+3.216080E+00
+20.128E-03,+2.596985E+00,+3.296482E+00
+20.228E-03,+2.622111E+00,+3.216080E+00
+20.328E-03,+2.617085E+00,+3.256281E+00
+20.428E-03,+2.632161E+00,+3.296482E+00
+20.528E-03,+2.596985E+00,+3.216080E+00
+20.628E-03,+2.612060E+00,+3.296482E+00
+20.728E-03,+2.627136E+00,+3.296482E+00
+20.828E-03,+2.632161E+00,+3.296482E+00
+20.928E-03,+2.637186E+00,+3.296482E+00
+21.028E-03,+2.647236E+00,+3.276382E+00
+21.128E-03,+2.617085E+00,+3.256281E+00
+21.228E-03,+2.617085E+00,+3.296482E+00
+21.328E-03,+2.637186E+00,+3.216080E+00
+21.428E-03,+2.617085E+00,+3.216080E+00
+21.528E-03,+2.657286E+00,+3.296482E+00
+21.628E-03,+2.607035E+00,+3.296482E+00
+21.728E-03,+2.617085E+00,+3.216080E+00
+21.828E-03,+2.632161E+00,+3.276382E+00
+21.928E-03,+2.647236E+00,+3.296482E+00
+22.028E-03,+2.617085E+00,+3.216080E+00
+22.128E-03,+2.657286E+00,+3.216080E+00
+22.228E-03,+2.612060E+00,+3.276382E+00
+22.328E-03,+2.627136E+00,+3.296482E+00
+22.428E-03,+2.632161E+00,+3.276382E+00
+22.528E-03,+2.657286E+00,+3.216080E+00
+22.628E-03,+2.586935E+00,+3.296482E+00
+22.728E-03,+2.596985E+00,+3.296482E+00
+22.828E-03,+2.632161E+00,+3.276382E+00
+22.928E-03,+2.617085E+00,+3.216080E+00
+23.028E-03,+2.632161E+00,+3.236181E+00
+23.128E-03,+2.637186E+00,+3.256281E+00
+23.228E-03,+2.612060E+00,+3.276382E+00
+23.328E-03,+2.617085E+00,+3.216080E+00
+23.428E-03,+2.591960E+00,+3.276382E+00
+23.528E-03,+2.647236E+00,+3.256281E+00
+23.628E-03,+2.617085E+00,+3.296482E+00
+23.728E-03,+2.596985E+00,+3.216080E+00
+23.828E-03,+2.607035E+00,+3.216080E+00
+23.928E-03,+2.617085E+00,+3.256281E+00
+24.028E-03,+2.622111E+00,+3.236181E+00
+24.128E-03,+2.637186E+00,+3.216080E+00
+24.228E-03,+2.632161E+00,+3.236181E+00
+24.328E-03,+2.617085E+00,+3.296482E+00
+24.428E-03,+2.602010E+00,+3.236181E+00
+24.528E-03,+2.617085E+00,+3.296482E+00
+24.628E-03,+2.622111E+00,+3.296482E+00
+24.728E-03,+2.617085E+00,+3.256281E+00
+24.828E-03,+2.617085E+00,+3.276382E+00
+24.928E-03,+2.637186E+00,+3.296482E+00
+25.028E-03,+2.622111E+00,+3.296482E+00
+25.128E-03,+2.627136E+00,+3.216080E+00
+25.228E-03,+2.632161E+00,+3.236181E+00
+25.328E-03,+2.617085E+00,+3.296482E+00
+25.428E-03,+2.657286E+00,+3.296482E+00
+25.528E-03,+2.607035E+00,+3.296482E+00
+25.628E-03,+2.617085E+00,+3.236181E+00
+25.728E-03,+2.617085E+00,+3.296482E+00
+25.828E-03,+2.617085E+00,+3.276382E+00
+25.928E-03,+2.607035E+00,+3.256281E+00
+26.028E-03,+2.632161E+00,+3.296482E+00
+26.128E-03,+2.596985E+00,+3.216080E+00
+26.228E-03,+2.637186E+00,+3.216080E+00
+26.328E-03,+2.607035E+00,+3.296482E+00
+26.428E-03,+2.697487E+00,+3.276382E+00
+26.528E-03,+2.596985E+00,+3.216080E+00
+26.628E-03,+2.617085E+00,+3.236181E+00
+26.728E-03,+2.637186E+00,+3.216080E+00
+26.828E-03,+2.632161E+00,+3.236181E+00
+26.928E-03,+2.637186E+00,+3.216080E+00
+27.028E-03,+2.652261E+00,+3.296482E+00
+27.128E-03,+2.617085E+00,+3.256281E+00
+27.228E-03,+2.617085E+00,+3.276382E+00
+27.328E-03,+2.637186E+00,+3.216080E+00
+27.428E-03,+2.622111E+00,+3.276382E+00
+27.528E-03,+2.617085E+00,+3.256281E+00
+27.628E-03,+2.602010E+00,+3.296482E+00
+27.728E-03,+2.617085E+00,+3.216080E+00
+27.828E-03,+2.622111E+00,+3.296482E+00
+27.928E-03,+2.627136E+00,+3.296482E+00
+28.028E-03,+2.632161E+00,+3.296482E+00
+28.128E-03,+2.617085E+00,+3.296482E+00
+28.228E-03,+2.622111E+00,+3.276382E+00
+28.328E-03,+2.607035E+00,+3.296482E+00
+28.428E-03,+2.637186E+00,+3.296482E+00
+28.528E-03,+2.657286E+00,+3.216080E+00
+28.628E-03,+2.632161E+00,+3.236181E+00
+28.728E-03,+2.637186E+00,+3.216080E+00
+28.828E-03,+2.627136E+00,+3.296482E+00
+28.928E-03,+2.637186E+00,+3.296482E+00
+29.028E-03,+2.607035E+00,+3.216080E+00
+29.128E-03,+2.617085E+00,+3.296482E+00
+29.228E-03,+2.637186E+00,+3.236181E+00
+29.328E-03,+2.617085E+00,+3.296482E+00
+29.428E-03,+2.617085E+00,+3.216080E+00
+29.528E-03,+2.637186E+00,+3.296482E+00
+29.628E-03,+2.612060E+00,+3.276382E+00
+29.728E-03,+2.617085E+00,+3.296482E+00
+29.828E-03,+2.622111E+00,+3.216080E+00
+29.928E-03,+2.617085E+00,+3.296482E+00
+30.028E-03,+2.617085E+00,+3.216080E+00
+30.128E-03,+2.677387E+00,+3.216080E+00
+30.228E-03,+2.627136E+00,+3.296482E+00
+30.328E-03,+2.617085E+00,+3.216080E+00
+30.428E-03,+2.637186E+00,+3.175879E+00
+30.528E-03,+2.637186E+00,+3.216080E+00
+30.628E-03,+2.632161E+00,+3.236181E+00
+30.728E-03,+2.617085E+00,+3.256281E+00
+30.828E-03,+2.622111E+00,+3.236181E+00
+30.928E-03,+2.617085E+00,+3.216080E+00
+31.028E-03,+2.647236E+00,+3.236181E+00
+31.128E-03,+2.627136E+00,+3.216080E+00
+31.228E-03,+2.652261E+00,+3.276382E+00
+31.328E-03,+2.617085E+00,+3.296482E+00
+31.428E-03,+2.627136E+00,+3.236181E+00
+31.528E-03,+2.607035E+00,+3.256281E+00
+31.628E-03,+2.622111E+00,+3.276382E+00
+31.728E-03,+2.657286E+00,+3.216080E+00
+31.828E-03,+2.627136E+00,+3.236181E+00
+31.928E-03,+2.627136E+00,+3.256281E+00
+32.028E-03,+2.617085E+00,+3.236181E+00
+32.128E-03,+2.637186E+00,+3.296482E+00
+32.228E-03,+2.596985E+00,+3.216080E+00
+32.328E-03,+2.607035E+00,+3.256281E+00
+32.428E-03,+2.637186E+00,+3.296482E+00
+32.528E-03,+2.637186E+00,+3.216080E+00
+32.628E-03,+2.632161E+00,+3.236181E+00
+32.728E-03,+2.637186E+00,+3.216080E+00
+32.828E-03,+2.617085E+00,+3.216080E+00
+32.928E-03,+2.617085E+00,+3.296482E+00
+33.028E-03,+2.642211E+00,+3.276382E+00
+33.128E-03,+2.596985E+00,+3.216080E+00
+33.228E-03,+2.632161E+00,+3.216080E+00
+33.328E-03,+2.617085E+00,+3.296482E+00
+33.428E-03,+2.622111E+00,+3.276382E+00
+33.528E-03,+2.617085E+00,+3.256281E+00
+33.628E-03,+2.647236E+00,+3.296482E+00
+33.728E-03,+2.596985E+00,+3.216080E+00
+33.828E-03,+2.617085E+00,+3.276382E+00
+33.928E-03,+2.637186E+00,+3.256281E+00
+34.028E-03,+2.612060E+00,+3.236181E+00
+34.128E-03,+2.617085E+00,+3.296482E+00
+34.228E-03,+2.632161E+00,+3.216080E+00
+34.328E-03,+2.617085E+00,+3.256281E+00
+34.428E-03,+2.627136E+00,+3.216080E+00
+34.528E-03,+2.617085E+00,+3.296482E+00
+34.628E-03,+2.602010E+00,+3.216080E+00
+34.728E-03,+2.617085E+00,+3.256281E+00
+34.828E-03,+2.622111E+00,+3.236181E+00
+34.928E-03,+2.617085E+00,+3.216080E+00
+35.028E-03,+2.647236E+00,+3.216080E+00
+35.128E-03,+2.627136E+00,+3.296482E+00
+35.228E-03,+2.607035E+00,+3.216080E+00
+35.328E-03,+2.657286E+00,+3.216080E+00
+35.428E-03,+2.622111E+00,+3.296482E+00
+35.528E-03,+2.617085E+00,+3.296482E+00
+35.628E-03,+2.622111E+00,+3.236181E+00
+35.728E-03,+2.617085E+00,+3.216080E+00
+35.828E-03,+2.632161E+00,+3.276382E+00
+35.928E-03,+2.627136E+00,+3.256281E+00
+36.028E-03,+2.637186E+00,+3.276382E+00
+36.128E-03,+2.637186E+00,+3.296482E+00
+36.228E-03,+2.637186E+00,+3.236181E+00
+36.328E-03,+2.627136E+00,+3.256281E+00
+36.428E-03,+2.627136E+00,+3.296482E+00
+36.528E-03,+2.637186E+00,+3.216080E+00
+36.628E-03,+2.627136E+00,+3.276382E+00
+36.728E-03,+2.617085E+00,+3.216080E+00
+36.828E-03,+2.622111E+00,+3.216080E+00
+36.928E-03,+2.617085E+00,+3.296482E+00
+37.028E-03,+2.632161E+00,+3.236181E+00
+37.128E-03,+2.627136E+00,+3.256281E+00
+37.228E-03,+2.617085E+00,+3.276382E+00
+37.328E-03,+2.637186E+00,+3.216080E+00
+37.428E-03,+2.622111E+00,+3.216080E+00
+37.528E-03,+2.637186E+00,+3.256281E+00
+37.628E-03,+2.627136E+00,+3.216080E+00
+37.728E-03,+2.617085E+00,+3.296482E+00
+37.828E-03,+2.622111E+00,+3.236181E+00
+37.928E-03,+2.637186E+00,+3.256281E+00
+38.028E-03,+2.617085E+00,+3.276382E+00
+38.128E-03,+2.637186E+00,+3.216080E+00
+38.228E-03,+2.627136E+00,+3.236181E+00
+38.328E-03,+2.627136E+00,+3.256281E+00
+38.428E-03,+2.642211E+00,+3.216080E+00
+38.528E-03,+2.617085E+00,+3.296482E+00
+38.628E-03,+2.617085E+00,+3.296482E+00
+38.728E-03,+2.617085E+00,+3.256281E+00
+38.828E-03,+2.637186E+00,+3.276382E+00
+38.928E-03,+2.596985E+00,+3.216080E+00
+39.028E-03,+2.596985E+00,+3.216080E+00
+39.128E-03,+2.617085E+00,+3.256281E+00
+39.228E-03,+2.617085E+00,+3.296482E+00
+39.328E-03,+2.617085E+00,+3.216080E+00
+39.428E-03,+2.642211E+00,+3.296482E+00
+39.528E-03,+2.617085E+00,+3.256281E+00
+39.628E-03,+2.622111E+00,+3.296482E+00
+39.728E-03,+2.617085E+00,+3.216080E+00
+39.828E-03,+2.607035E+00,+3.216080E+00
+39.928E-03,+2.617085E+00,+3.216080E+00
+40.028E-03,+2.647236E+00,+3.216080E+00
+40.128E-03,+2.637186E+00,+3.216080E+00
+40.228E-03,+2.591960E+00,+3.296482E+00
+40.328E-03,+2.637186E+00,+3.256281E+00
+40.428E-03,+2.622111E+00,+3.276382E+00
+40.528E-03,+2.637186E+00,+3.216080E+00
+40.628E-03,+2.627136E+00,+3.236181E+00
+40.728E-03,+2.617085E+00,+3.216080E+00
+40.828E-03,+2.622111E+00,+3.216080E+00
+40.928E-03,+2.657286E+00,+3.296482E+00
+41.028E-03,+2.632161E+00,+3.236181E+00
+41.128E-03,+2.627136E+00,+3.216080E+00
+41.228E-03,+2.617085E+00,+3.216080E+00
+41.328E-03,+2.617085E+00,+3.216080E+00
+41.428E-03,+2.627136E+00,+3.216080E+00
+41.528E-03,+2.607035E+00,+3.256281E+00
+41.628E-03,+2.637186E+00,+3.236181E+00
+41.728E-03,+2.617085E+00,+3.296482E+00
+41.828E-03,+2.637186E+00,+3.276382E+00
+41.928E-03,+2.617085E+00,+3.216080E+00
+42.028E-03,+2.647236E+00,+3.296482E+00
+42.128E-03,+2.617085E+00,+3.216080E+00
+42.228E-03,+2.642211E+00,+3.296482E+00
+42.328E-03,+2.647236E+00,+3.296482E+00
+42.428E-03,+2.622111E+00,+3.216080E+00
+42.528E-03,+2.637186E+00,+3.296482E+00
+42.628E-03,+2.596985E+00,+3.276382E+00
+42.728E-03,+2.627136E+00,+3.296482E+00
+42.828E-03,+2.637186E+00,+3.276382E+00
+42.928E-03,+2.637186E+00,+3.216080E+00
+43.028E-03,+2.642211E+00,+3.296482E+00
+43.128E-03,+2.617085E+00,+3.216080E+00
+43.228E-03,+2.637186E+00,+3.276382E+00
+43.328E-03,+2.617085E+00,+3.296482E+00
+43.428E-03,+2.622111E+00,+3.236181E+00
+43.528E-03,+2.657286E+00,+3.296482E+00
+43.628E-03,+2.632161E+00,+3.236181E+00
+43.728E-03,+2.617085E+00,+3.216080E+00
+43.828E-03,+2.617085E+00,+3.236181E+00
+43.928E-03,+2.617085E+00,+3.256281E+00
+44.028E-03,+2.622111E+00,+3.276382E+00
+44.128E-03,+2.596985E+00,+3.216080E+00
+44.228E-03,+2.622111E+00,+3.216080E+00
+44.328E-03,+2.617085E+00,+3.256281E+00
+44.428E-03,+2.632161E+00,+3.276382E+00
+44.528E-03,+2.637186E+00,+3.296482E+00
+44.628E-03,+2.632161E+00,+3.276382E+00
+44.728E-03,+2.596985E+00,+3.216080E+00
+44.828E-03,+2.617085E+00,+3.216080E+00
+44.928E-03,+2.657286E+00,+3.296482E+00
+45.028E-03,+2.617085E+00,+3.296482E+00
+45.128E-03,+2.617085E+00,+3.256281E+00
+45.228E-03,+2.617085E+00,+3.236181E+00
+45.328E-03,+2.617085E+00,+3.296482E+00
+45.428E-03,+2.602010E+00,+3.296482E+00
+45.528E-03,+2.607035E+00,+3.256281E+00
+45.628E-03,+2.607035E+00,+3.236181E+00
+45.728E-03,+2.576884E+00,+3.296482E+00
+45.828E-03,+2.632161E+00,+3.296482E+00
+45.928E-03,+2.617085E+00,+3.296482E+00
+46.028E-03,+2.637186E+00,+3.296482E+00
+46.128E-03,+2.617085E+00,+3.296482E+00
+46.228E-03,+2.622111E+00,+3.276382E+00
+46.328E-03,+2.607035E+00,+3.296482E+00
+46.428E-03,+2.617085E+00,+3.236181E+00
+46.528E-03,+2.637186E+00,+3.296482E+00
+46.628E-03,+2.627136E+00,+3.216080E+00
+46.728E-03,+2.617085E+00,+3.296482E+00
+46.828E-03,+2.637186E+00,+3.296482E+00
+46.928E-03,+2.596985E+00,+3.216080E+00
+47.028E-03,+2.617085E+00,+3.216080E+00
+47.128E-03,+2.627136E+00,+3.256281E+00
+47.228E-03,+2.627136E+00,+3.236181E+00
+47.328E-03,+2.596985E+00,+3.296482E+00
+47.428E-03,+2.622111E+00,+3.276382E+00
+47.528E-03,+2.617085E+00,+3.256281E+00
+47.628E-03,+2.622111E+00,+3.216080E+00
+47.728E-03,+2.657286E+00,+3.216080E+00
+47.828E-03,+2.637186E+00,+3.276382E+00
+47.928E-03,+2.647236E+00,+3.256281E+00
+48.028E-03,+2.617085E+00,+3.216080E+00
+48.128E-03,+2.617085E+00,+3.296482E+00
+48.228E-03,+2.612060E+00,+3.296482E+00
+48.328E-03,+2.637186E+00,+3.296482E+00
+48.428E-03,+2.612060E+00,+3.216080E+00
+48.528E-03,+2.637186E+00,+3.216080E+00
+48.628E-03,+2.622111E+00,+3.296482E+00
+48.728E-03,+2.617085E+00,+3.256281E+00
+48.828E-03,+2.647236E+00,+3.236181E+00
+48.928E-03,+2.576884E+00,+3.296482E+00
+49.028E-03,+2.622111E+00,+3.296482E+00
+49.128E-03,+2.627136E+00,+3.256281E+00
+49.228E-03,+2.617085E+00,+3.276382E+00
+49.328E-03,+2.617085E+00,+3.216080E+00
+49.428E-03,+2.622111E+00,+3.216080E+00
+49.528E-03,+2.607035E+00,+3.296482E+00
+49.628E-03,+2.617085E+00,+3.236181E+00
+49.728E-03,+2.596985E+00,+3.296482E+00
+49.828E-03,+2.617085E+00,+3.236181E+00
+49.928E-03,+2.637186E+00,+3.256281E+00
+50.028E-03,+2.657286E+00,+3.236181E+00
+50.128E-03,+2.637186E+00,+3.216080E+00
+50.228E-03,+2.617085E+00,+3.236181E+00
+50.328E-03,+2.617085E+00,+3.296482E+00
+50.428E-03,+2.622111E+00,+3.236181E+00
+50.528E-03,+2.657286E+00,+3.296482E+00
+50.628E-03,+2.652261E+00,+3.236181E+00
+50.728E-03,+2.627136E+00,+3.296482E+00
+50.828E-03,+2.627136E+00,+3.336683E+00
+50.928E-03,+2.576884E+00,+3.216080E+00
+51.028E-03,+2.632161E+00,+3.276382E+00
+51.128E-03,+2.627136E+00,+3.256281E+00
+51.228E-03,+2.652261E+00,+3.296482E+00
+51.328E-03,+2.617085E+00,+3.296482E+00
+51.428E-03,+2.652261E+00,+3.276382E+00
+51.528E-03,+2.617085E+00,+3.256281E+00
+51.628E-03,+2.617085E+00,+3.216080E+00
+51.728E-03,+2.637186E+00,+3.216080E+00
+51.828E-03,+2.627136E+00,+3.276382E+00
+51.928E-03,+2.607035E+00,+3.256281E+00
+52.028E-03,+2.602010E+00,+3.276382E+00
+52.128E-03,+2.637186E+00,+3.296482E+00
+52.228E-03,+2.632161E+00,+3.236181E+00
+52.328E-03,+2.617085E+00,+3.296482E+00
+52.428E-03,+2.627136E+00,+3.216080E+00
+52.528E-03,+2.596985E+00,+3.296482E+00
+52.628E-03,+2.622111E+00,+3.276382E+00
+52.728E-03,+2.607035E+00,+3.216080E+00
+52.828E-03,+2.627136E+00,+3.276382E+00
+52.928E-03,+2.617085E+00,+3.296482E+00
+53.028E-03,+2.622111E+00,+3.236181E+00
+53.128E-03,+2.617085E+00,+3.296482E+00
+53.228E-03,+2.632161E+00,+3.236181E+00
+53.328E-03,+2.637186E+00,+3.216080E+00
+53.428E-03,+2.617085E+00,+3.216080E+00
+53.528E-03,+2.627136E+00,+3.296482E+00
+53.628E-03,+2.602010E+00,+3.216080E+00
+53.728E-03,+2.617085E+00,+3.216080E+00
+53.828E-03,+2.596985E+00,+3.216080E+00
+53.928E-03,+2.617085E+00,+3.256281E+00
+54.028E-03,+2.617085E+00,+3.216080E+00
+54.128E-03,+2.617085E+00,+3.296482E+00
+54.228E-03,+2.617085E+00,+3.296482E+00
+54.328E-03,+2.607035E+00,+3.256281E+00
+54.428E-03,+2.657286E+00,+3.236181E+00
+54.528E-03,+2.637186E+00,+3.216080E+00
+54.628E-03,+2.612060E+00,+3.216080E+00
+54.728E-03,+2.607035E+00,+3.256281E+00
+54.828E-03,+2.617085E+00,+3.276382E+00
+54.928E-03,+2.637186E+00,+3.296482E+00
+55.028E-03,+2.617085E+00,+3.296482E+00
+55.128E-03,+2.617085E+00,+3.256281E+00
+55.228E-03,+2.632161E+00,+3.236181E+00
+55.328E-03,+2.657286E+00,+3.216080E+00
+55.428E-03,+2.596985E+00,+3.296482E+00
+55.528E-03,+2.627136E+00,+3.256281E+00
+55.628E-03,+2.617085E+00,+3.296482E+00
+55.728E-03,+2.617085E+00,+3.296482E+00
+55.828E-03,+2.622111E+00,+3.236181E+00
+55.928E-03,+2.627136E+00,+3.256281E+00
+56.028E-03,+2.602010E+00,+3.296482E+00
+56.128E-03,+2.617085E+00,+3.296482E+00
+56.228E-03,+2.632161E+00,+3.296482E+00
+56.328E-03,+2.617085E+00,+3.296482E+00
+56.428E-03,+2.617085E+00,+3.236181E+00
+56.528E-03,+2.617085E+00,+3.296482E+00
+56.628E-03,+2.637186E+00,+3.216080E+00
+56.728E-03,+2.637186E+00,+3.256281E+00
+56.828E-03,+2.617085E+00,+3.236181E+00
+56.928E-03,+2.576884E+00,+3.296482E+00
+57.028E-03,+2.612060E+00,+3.296482E+00
+57.128E-03,+2.596985E+00,+3.296482E+00
+57.228E-03,+2.596985E+00,+3.276382E+00
+57.328E-03,+2.617085E+00,+3.296482E+00
+57.428E-03,+2.622111E+00,+3.296482E+00
+57.528E-03,+2.637186E+00,+3.216080E+00
+57.628E-03,+2.617085E+00,+3.296482E+00
+57.728E-03,+2.637186E+00,+3.216080E+00
+57.828E-03,+2.617085E+00,+3.216080E+00
+57.928E-03,+2.607035E+00,+3.296482E+00
+58.028E-03,+2.622111E+00,+3.296482E+00
+58.128E-03,+2.617085E+00,+3.216080E+00
+58.228E-03,+2.637186E+00,+3.296482E+00
+58.328E-03,+2.627136E+00,+3.256281E+00
+58.428E-03,+2.622111E+00,+3.276382E+00
+58.528E-03,+2.617085E+00,+3.296482E+00
+58.628E-03,+2.612060E+00,+3.336683E+00
+58.728E-03,+2.617085E+00,+3.256281E+00
+58.828E-03,+2.602010E+00,+3.236181E+00
+58.928E-03,+2.617085E+00,+3.216080E+00
+59.028E-03,+2.632161E+00,+3.276382E+00
+59.128E-03,+2.627136E+00,+3.256281E+00
+59.228E-03,+2.627136E+00,+3.216080E+00
+59.328E-03,+2.617085E+00,+3.216080E+00
+59.428E-03,+2.596985E+00,+3.236181E+00
+59.528E-03,+2.617085E+00,+3.296482E+00
+59.628E-03,+2.637186E+00,+3.236181E+00
+59.728E-03,+2.617085E+00,+3.296482E+00
+59.828E-03,+2.617085E+00,+3.296482E+00
+59.928E-03,+2.637186E+00,+3.296482E+00
+60.028E-03,+2.602010E+00,+3.276382E+00
+60.128E-03,+2.596985E+00,+3.216080E+00
+60.228E-03,+2.596985E+00,+3.256281E+00
+60.328E-03,+2.637186E+00,+3.256281E+00
+60.428E-03,+2.622111E+00,+3.296482E+00
+60.528E-03,+2.637186E+00,+3.216080E+00
+60.628E-03,+2.637186E+00,+3.236181E+00
+60.728E-03,+2.617085E+00,+3.256281E+00
+60.828E-03,+2.622111E+00,+3.216080E+00
+60.928E-03,+2.637186E+00,+3.216080E+00
+61.028E-03,+2.617085E+00,+3.296482E+00
+61.128E-03,+2.627136E+00,+3.216080E+00
+61.228E-03,+2.607035E+00,+3.296482E+00
+61.328E-03,+2.617085E+00,+3.296482E+00
+61.428E-03,+2.632161E+00,+3.276382E+00
+61.528E-03,+2.617085E+00,+3.296482E+00
+61.628E-03,+2.612060E+00,+3.276382E+00
+61.728E-03,+2.596985E+00,+3.296482E+00
+61.828E-03,+2.632161E+00,+3.296482E+00
+61.928E-03,+2.627136E+00,+3.256281E+00
+62.028E-03,+2.612060E+00,+3.236181E+00
+62.128E-03,+2.617085E+00,+3.296482E+00
+62.228E-03,+2.632161E+00,+3.296482E+00
+62.328E-03,+2.596985E+00,+3.296482E+00
+62.428E-03,+2.602010E+00,+3.216080E+00
+62.528E-03,+2.637186E+00,+3.296482E+00
+62.628E-03,+2.617085E+00,+3.216080E+00
+62.728E-03,+2.627136E+00,+3.256281E+00
+62.828E-03,+2.612060E+00,+3.236181E+00
+62.928E-03,+2.617085E+00,+3.296482E+00
+63.028E-03,+2.632161E+00,+3.296482E+00
+63.128E-03,+2.596985E+00,+3.256281E+00
+63.228E-03,+2.622111E+00,+3.276382E+00
+63.328E-03,+2.637186E+00,+3.296482E+00
+63.428E-03,+2.622111E+00,+3.296482E+00
+63.528E-03,+2.617085E+00,+3.216080E+00
+63.628E-03,+2.622111E+00,+3.276382E+00
+63.728E-03,+2.576884E+00,+3.296482E+00
+63.828E-03,+2.652261E+00,+3.276382E+00
+63.928E-03,+2.627136E+00,+3.296482E+00
+64.028E-03,+2.632161E+00,+3.216080E+00
+64.128E-03,+2.637186E+00,+3.296482E+00
+64.228E-03,+2.632161E+00,+3.216080E+00
+64.328E-03,+2.627136E+00,+3.256281E+00
+64.428E-03,+2.632161E+00,+3.276382E+00
+64.528E-03,+2.617085E+00,+3.296482E+00
+64.628E-03,+2.617085E+00,+3.216080E+00
+64.728E-03,+2.607035E+00,+3.256281E+00
+64.828E-03,+2.607035E+00,+3.236181E+00
+64.928E-03,+2.596985E+00,+3.296482E+00
+65.028E-03,+2.617085E+00,+3.276382E+00
+65.128E-03,+2.637186E+00,+3.296482E+00
+65.228E-03,+2.617085E+00,+3.236181E+00
+65.328E-03,+2.617085E+00,+3.296482E+00
+65.428E-03,+2.622111E+00,+3.276382E+00
+65.528E-03,+2.627136E+00,+3.256281E+00
+65.628E-03,+2.622111E+00,+3.296482E+00
+65.728E-03,+2.637186E+00,+3.216080E+00
+65.828E-03,+2.657286E+00,+3.216080E+00
+65.928E-03,+2.647236E+00,+3.256281E+00
+66.028E-03,+2.637186E+00,+3.296482E+00
+66.128E-03,+2.637186E+00,+3.216080E+00
+66.228E-03,+2.627136E+00,+3.356784E+00
+66.328E-03,+2.607035E+00,+3.296482E+00
+66.428E-03,+2.627136E+00,+3.216080E+00
+66.528E-03,+2.637186E+00,+3.296482E+00
+66.628E-03,+2.632161E+00,+3.276382E+00
+66.728E-03,+2.637186E+00,+3.256281E+00
+66.828E-03,+2.632161E+00,+3.236181E+00
+66.928E-03,+2.637186E+00,+3.216080E+00
+67.028E-03,+2.627136E+00,+3.236181E+00
+67.128E-03,+2.647236E+00,+3.296482E+00
+67.228E-03,+2.627136E+00,+3.296482E+00
+67.328E-03,+2.637186E+00,+3.216080E+00
+67.428E-03,+2.627136E+00,+3.276382E+00
+67.528E-03,+2.627136E+00,+3.296482E+00
+67.628E-03,+2.632161E+00,+3.276382E+00
+67.728E-03,+2.617085E+00,+3.296482E+00
+67.828E-03,+2.612060E+00,+3.296482E+00
+67.928E-03,+2.617085E+00,+3.216080E+00
+68.028E-03,+2.632161E+00,+3.236181E+00
+68.128E-03,+2.637186E+00,+3.216080E+00
+68.228E-03,+2.612060E+00,+3.276382E+00
+68.328E-03,+2.627136E+00,+3.256281E+00
+68.428E-03,+2.622111E+00,+3.216080E+00
+68.528E-03,+2.617085E+00,+3.216080E+00
+68.628E-03,+2.622111E+00,+3.216080E+00
+68.728E-03,+2.607035E+00,+3.256281E+00
+68.828E-03,+2.632161E+00,+3.276382E+00
+68.928E-03,+2.596985E+00,+3.296482E+00
+69.028E-03,+2.612060E+00,+3.276382E+00
+69.128E-03,+2.627136E+00,+3.256281E+00
+69.228E-03,+2.627136E+00,+3.276382E+00
+69.328E-03,+2.617085E+00,+3.296482E+00
+69.428E-03,+2.622111E+00,+3.236181E+00
+69.528E-03,+2.607035E+00,+3.216080E+00
+69.628E-03,+2.602010E+00,+3.276382E+00
+69.728E-03,+2.637186E+00,+3.296482E+00
+69.828E-03,+2.622111E+00,+3.276382E+00
+69.928E-03,+2.607035E+00,+3.296482E+00
+70.028E-03,+2.622111E+00,+3.296482E+00
+70.128E-03,+2.637186E+00,+3.296482E+00
+70.228E-03,+2.602010E+00,+3.276382E+00
+70.328E-03,+2.617085E+00,+3.256281E+00
+70.428E-03,+2.632161E+00,+3.236181E+00
+70.528E-03,+2.617085E+00,+3.296482E+00
+70.628E-03,+2.632161E+00,+3.296482E+00
+70.728E-03,+2.637186E+00,+3.296482E+00
+70.828E-03,+2.622111E+00,+3.236181E+00
+70.928E-03,+2.617085E+00,+3.216080E+00
+71.028E-03,+2.622111E+00,+3.296482E+00
+71.128E-03,+2.627136E+00,+3.256281E+00
+71.228E-03,+2.632161E+00,+3.296482E+00
+71.328E-03,+2.637186E+00,+3.296482E+00
+71.428E-03,+2.622111E+00,+3.236181E+00
+71.528E-03,+2.596985E+00,+3.216080E+00
+71.628E-03,+2.632161E+00,+3.236181E+00
+71.728E-03,+2.617085E+00,+3.296482E+00
+71.828E-03,+2.596985E+00,+3.276382E+00
+71.928E-03,+2.637186E+00,+3.296482E+00
+72.028E-03,+2.612060E+00,+3.276382E+00
+72.128E-03,+2.617085E+00,+3.296482E+00
+72.228E-03,+2.632161E+00,+3.236181E+00
+72.328E-03,+2.647236E+00,+3.216080E+00
+72.428E-03,+2.622111E+00,+3.236181E+00
+72.528E-03,+2.657286E+00,+3.216080E+00
+72.628E-03,+2.617085E+00,+3.216080E+00
+72.728E-03,+2.617085E+00,+3.256281E+00
+72.828E-03,+2.627136E+00,+3.276382E+00
+72.928E-03,+2.617085E+00,+3.216080E+00
+73.028E-03,+2.602010E+00,+3.276382E+00
+73.128E-03,+2.627136E+00,+3.256281E+00
+73.228E-03,+2.632161E+00,+3.276382E+00
+73.328E-03,+2.576884E+00,+3.296482E+00
+73.428E-03,+2.622111E+00,+3.236181E+00
+73.528E-03,+2.627136E+00,+3.296482E+00
+73.628E-03,+2.637186E+00,+3.236181E+00
+73.728E-03,+2.637186E+00,+3.296482E+00
+73.828E-03,+2.632161E+00,+3.276382E+00
+73.928E-03,+2.637186E+00,+3.256281E+00
+74.028E-03,+2.632161E+00,+3.276382E+00
+74.128E-03,+2.637186E+00,+3.296482E+00
+74.228E-03,+2.622111E+00,+3.296482E+00
+74.328E-03,+2.637186E+00,+3.256281E+00
+74.428E-03,+2.642211E+00,+3.236181E+00
+74.528E-03,+2.556784E+00,+3.296482E+00
+74.628E-03,+2.632161E+00,+3.296482E+00
+74.728E-03,+2.627136E+00,+3.256281E+00
+74.828E-03,+2.612060E+00,+3.276382E+00
+74.928E-03,+2.637186E+00,+3.296482E+00
+75.028E-03,+2.622111E+00,+3.276382E+00
+75.128E-03,+2.617085E+00,+3.216080E+00
+75.228E-03,+2.607035E+00,+3.296482E+00
+75.328E-03,+2.637186E+00,+3.216080E+00
+75.428E-03,+2.596985E+00,+3.216080E+00
+75.528E-03,+2.627136E+00,+3.296482E+00
+75.628E-03,+2.627136E+00,+3.276382E+00
+75.728E-03,+2.617085E+00,+3.216080E+00
+75.828E-03,+2.622111E+00,+3.216080E+00
+75.928E-03,+2.586935E+00,+3.296482E+00
+76.028E-03,+2.627136E+00,+3.276382E+00
+76.128E-03,+2.617085E+00,+3.216080E+00
+76.228E-03,+2.647236E+00,+3.216080E+00
+76.328E-03,+2.617085E+00,+3.256281E+00
+76.428E-03,+2.602010E+00,+3.236181E+00
+76.528E-03,+2.596985E+00,+3.216080E+00
+76.628E-03,+2.617085E+00,+3.276382E+00
+76.728E-03,+2.617085E+00,+3.256281E+00
+76.828E-03,+2.632161E+00,+3.296482E+00
+76.928E-03,+2.617085E+00,+3.216080E+00
+77.028E-03,+2.612060E+00,+3.216080E+00
+77.128E-03,+2.607035E+00,+3.256281E+00
+77.228E-03,+2.632161E+00,+3.276382E+00
+77.328E-03,+2.637186E+00,+3.216080E+00
+77.428E-03,+2.637186E+00,+3.216080E+00
+77.528E-03,+2.647236E+00,+3.256281E+00
+77.628E-03,+2.612060E+00,+3.296482E+00
+77.728E-03,+2.657286E+00,+3.296482E+00
+77.828E-03,+2.652261E+00,+3.296482E+00
+77.928E-03,+2.627136E+00,+3.216080E+00
+78.028E-03,+2.617085E+00,+3.276382E+00
+78.128E-03,+2.617085E+00,+3.296482E+00
+78.228E-03,+2.632161E+00,+3.236181E+00
+78.328E-03,+2.627136E+00,+3.256281E+00
+78.428E-03,+2.632161E+00,+3.276382E+00
+78.528E-03,+2.617085E+00,+3.216080E+00
+78.628E-03,+2.586935E+00,+3.236181E+00
+78.728E-03,+2.617085E+00,+3.256281E+00
+78.828E-03,+2.617085E+00,+3.216080E+00
+78.928E-03,+2.596985E+00,+3.216080E+00
+79.028E-03,+2.617085E+00,+3.236181E+00
+79.128E-03,+2.607035E+00,+3.256281E+00
+79.228E-03,+2.602010E+00,+3.276382E+00
+79.328E-03,+2.637186E+00,+3.296482E+00
+79.428E-03,+2.586935E+00,+3.296482E+00
+79.528E-03,+2.627136E+00,+3.256281E+00
+79.628E-03,+2.617085E+00,+3.296482E+00
+79.728E-03,+2.596985E+00,+3.216080E+00
+79.828E-03,+2.627136E+00,+3.296482E+00
+79.928E-03,+2.617085E+00,+3.296482E+00
+80.028E-03,+2.622111E+00,+3.296482E+00
+80.128E-03,+2.637186E+00,+3.296482E+00
+80.228E-03,+2.652261E+00,+3.296482E+00
+80.328E-03,+2.617085E+00,+3.256281E+00
+80.428E-03,+2.627136E+00,+3.296482E+00
+80.528E-03,+2.596985E+00,+3.216080E+00
+80.628E-03,+2.637186E+00,+3.216080E+00
+80.728E-03,+2.617085E+00,+3.256281E+00
+80.828E-03,+2.617085E+00,+3.236181E+00
+80.928E-03,+2.617085E+00,+3.216080E+00
+81.028E-03,+2.602010E+00,+3.236181E+00
+81.128E-03,+2.627136E+00,+3.256281E+00
+81.228E-03,+2.652261E+00,+3.216080E+00
+81.328E-03,+2.617085E+00,+3.216080E+00
+81.428E-03,+2.617085E+00,+3.296482E+00
+81.528E-03,+2.637186E+00,+3.256281E+00
+81.628E-03,+2.617085E+00,+3.296482E+00
+81.728E-03,+2.657286E+00,+3.296482E+00
+81.828E-03,+2.602010E+00,+3.236181E+00
+81.928E-03,+2.647236E+00,+3.256281E+00
+82.028E-03,+2.617085E+00,+3.296482E+00
+82.128E-03,+2.657286E+00,+3.296482E+00
+82.228E-03,+2.607035E+00,+3.216080E+00
+82.328E-03,+2.637186E+00,+3.216080E+00
+82.428E-03,+2.617085E+00,+3.236181E+00
+82.528E-03,+2.617085E+00,+3.296482E+00
+82.628E-03,+2.612060E+00,+3.296482E+00
+82.728E-03,+2.627136E+00,+3.296482E+00
+82.828E-03,+2.622111E+00,+3.296482E+00
+82.928E-03,+2.617085E+00,+3.296482E+00
+83.028E-03,+2.586935E+00,+3.236181E+00
+83.128E-03,+2.617085E+00,+3.256281E+00
+83.228E-03,+2.622111E+00,+3.276382E+00
+83.328E-03,+2.596985E+00,+3.296482E+00
+83.428E-03,+2.602010E+00,+3.296482E+00
+83.528E-03,+2.637186E+00,+3.296482E+00
+83.628E-03,+2.622111E+00,+3.296482E+00
+83.728E-03,+2.637186E+00,+3.296482E+00
+83.828E-03,+2.612060E+00,+3.296482E+00
+83.928E-03,+2.617085E+00,+3.256281E+00
+84.028E-03,+2.632161E+00,+3.236181E+00
+84.128E-03,+2.617085E+00,+3.216080E+00
+84.228E-03,+2.637186E+00,+3.276382E+00
+84.328E-03,+2.627136E+00,+3.256281E+00
+84.428E-03,+2.617085E+00,+3.276382E+00
+84.528E-03,+2.637186E+00,+3.216080E+00
+84.628E-03,+2.632161E+00,+3.216080E+00
+84.728E-03,+2.617085E+00,+3.296482E+00
+84.828E-03,+2.617085E+00,+3.216080E+00
+84.928E-03,+2.637186E+00,+3.296482E+00
+85.028E-03,+2.632161E+00,+3.296482E+00
+85.128E-03,+2.637186E+00,+3.256281E+00
+85.228E-03,+2.622111E+00,+3.276382E+00
+85.328E-03,+2.617085E+00,+3.216080E+00
+85.428E-03,+2.627136E+00,+3.296482E+00
+85.528E-03,+2.627136E+00,+3.256281E+00
+85.628E-03,+2.637186E+00,+3.276382E+00
+85.728E-03,+2.617085E+00,+3.216080E+00
+85.828E-03,+2.607035E+00,+3.296482E+00
+85.928E-03,+2.617085E+00,+3.256281E+00
+86.028E-03,+2.617085E+00,+3.296482E+00
+86.128E-03,+2.617085E+00,+3.296482E+00
+86.228E-03,+2.632161E+00,+3.216080E+00
+86.328E-03,+2.637186E+00,+3.256281E+00
+86.428E-03,+2.617085E+00,+3.276382E+00
+86.528E-03,+2.617085E+00,+3.296482E+00
+86.628E-03,+2.622111E+00,+3.236181E+00
+86.728E-03,+2.627136E+00,+3.296482E+00
+86.828E-03,+2.602010E+00,+3.296482E+00
+86.928E-03,+2.637186E+00,+3.216080E+00
+87.028E-03,+2.617085E+00,+3.236181E+00
+87.128E-03,+2.657286E+00,+3.256281E+00
+87.228E-03,+2.637186E+00,+3.236181E+00
+87.328E-03,+2.617085E+00,+3.296482E+00
+87.428E-03,+2.637186E+00,+3.276382E+00
+87.528E-03,+2.617085E+00,+3.256281E+00
+87.628E-03,+2.617085E+00,+3.216080E+00
+87.728E-03,+2.617085E+00,+3.216080E+00
+87.828E-03,+2.637186E+00,+3.296482E+00
+87.928E-03,+2.617085E+00,+3.256281E+00
+88.028E-03,+2.622111E+00,+3.276382E+00
+88.128E-03,+2.677387E+00,+3.296482E+00
+88.228E-03,+2.622111E+00,+3.296482E+00
+88.328E-03,+2.627136E+00,+3.256281E+00
+88.428E-03,+2.607035E+00,+3.216080E+00
+88.528E-03,+2.637186E+00,+3.296482E+00
+88.628E-03,+2.602010E+00,+3.216080E+00
+88.728E-03,+2.617085E+00,+3.256281E+00
+88.828E-03,+2.612060E+00,+3.296482E+00
+88.928E-03,+2.576884E+00,+3.216080E+00
+89.028E-03,+2.617085E+00,+3.216080E+00
+89.128E-03,+2.637186E+00,+3.256281E+00
+89.228E-03,+2.617085E+00,+3.236181E+00
+89.328E-03,+2.637186E+00,+3.296482E+00
+89.428E-03,+2.627136E+00,+3.236181E+00
+89.528E-03,+2.607035E+00,+3.216080E+00
+89.628E-03,+2.647236E+00,+3.296482E+00
+89.728E-03,+2.677387E+00,+3.216080E+00
+89.828E-03,+2.627136E+00,+3.276382E+00
+89.928E-03,+2.627136E+00,+3.216080E+00
+90.028E-03,+2.657286E+00,+3.276382E+00
+90.128E-03,+2.617085E+00,+3.296482E+00
+90.228E-03,+2.632161E+00,+3.236181E+00
+90.328E-03,+2.627136E+00,+3.256281E+00
+90.428E-03,+2.617085E+00,+3.276382E+00
+90.528E-03,+2.596985E+00,+3.216080E+00
+90.628E-03,+2.627136E+00,+3.276382E+00
+90.728E-03,+2.617085E+00,+3.216080E+00
+90.828E-03,+2.627136E+00,+3.276382E+00
+90.928E-03,+2.657286E+00,+3.216080E+00
+91.028E-03,+2.622111E+00,+3.216080E+00
+91.128E-03,+2.647236E+00,+3.256281E+00
+91.228E-03,+2.632161E+00,+3.216080E+00
+91.328E-03,+2.617085E+00,+3.216080E+00
+91.428E-03,+2.617085E+00,+3.236181E+00
+91.528E-03,+2.617085E+00,+3.216080E+00
+91.628E-03,+2.622111E+00,+3.276382E+00
+91.728E-03,+2.617085E+00,+3.296482E+00
+91.828E-03,+2.617085E+00,+3.236181E+00
+91.928E-03,+2.627136E+00,+3.256281E+00
+92.028E-03,+2.652261E+00,+3.236181E+00
+92.128E-03,+2.657286E+00,+3.216080E+00
+92.228E-03,+2.607035E+00,+3.216080E+00
+92.328E-03,+2.617085E+00,+3.256281E+00
+92.428E-03,+2.622111E+00,+3.236181E+00
+92.528E-03,+2.637186E+00,+3.216080E+00
+92.628E-03,+2.617085E+00,+3.216080E+00
+92.728E-03,+2.637186E+00,+3.296482E+00
+92.828E-03,+2.607035E+00,+3.236181E+00
+92.928E-03,+2.617085E+00,+3.296482E+00
+93.028E-03,+2.637186E+00,+3.236181E+00
+93.128E-03,+2.617085E+00,+3.256281E+00
+93.228E-03,+2.637186E+00,+3.296482E+00
+93.328E-03,+2.617085E+00,+3.296482E+00
+93.428E-03,+2.612060E+00,+3.276382E+00
+93.528E-03,+2.657286E+00,+3.216080E+00
+93.628E-03,+2.602010E+00,+3.276382E+00
+93.728E-03,+2.617085E+00,+3.216080E+00
+93.828E-03,+2.622111E+00,+3.296482E+00
+93.928E-03,+2.607035E+00,+3.296482E+00
+94.028E-03,+2.617085E+00,+3.236181E+00
+94.128E-03,+2.617085E+00,+3.216080E+00
+94.228E-03,+2.627136E+00,+3.276382E+00
+94.328E-03,+2.627136E+00,+3.216080E+00
+94.428E-03,+2.617085E+00,+3.296482E+00
+94.528E-03,+2.617085E+00,+3.216080E+00
+94.628E-03,+2.637186E+00,+3.296482E+00
+94.728E-03,+2.637186E+00,+3.296482E+00
+94.828E-03,+2.632161E+00,+3.296482E+00
+94.928E-03,+2.637186E+00,+3.296482E+00
+95.028E-03,+2.617085E+00,+3.216080E+00
+95.128E-03,+2.627136E+00,+3.296482E+00
+95.228E-03,+2.622111E+00,+3.296482E+00
+95.328E-03,+2.617085E+00,+3.216080E+00
+95.428E-03,+2.632161E+00,+3.236181E+00
+95.528E-03,+2.647236E+00,+3.296482E+00
+95.628E-03,+2.617085E+00,+3.216080E+00
+95.728E-03,+2.617085E+00,+3.216080E+00
+95.828E-03,+2.607035E+00,+3.276382E+00
+95.928E-03,+2.617085E+00,+3.256281E+00
+96.028E-03,+2.632161E+00,+3.236181E+00
+96.128E-03,+2.637186E+00,+3.216080E+00
+96.228E-03,+2.617085E+00,+3.276382E+00
+96.328E-03,+2.637186E+00,+3.216080E+00
+96.428E-03,+2.622111E+00,+3.276382E+00
+96.528E-03,+2.637186E+00,+3.296482E+00
+96.628E-03,+2.612060E+00,+3.236181E+00
+96.728E-03,+2.617085E+00,+3.256281E+00
+96.828E-03,+2.617085E+00,+3.216080E+00
+96.928E-03,+2.657286E+00,+3.216080E+00
+97.028E-03,+2.637186E+00,+3.276382E+00
+97.128E-03,+2.607035E+00,+3.256281E+00
+97.228E-03,+2.596985E+00,+3.236181E+00
+97.328E-03,+2.596985E+00,+3.216080E+00
+97.428E-03,+2.652261E+00,+3.276382E+00
+97.528E-03,+2.627136E+00,+3.296482E+00
+97.628E-03,+2.602010E+00,+3.296482E+00
+97.728E-03,+2.637186E+00,+3.216080E+00
+97.828E-03,+2.617085E+00,+3.276382E+00
+97.928E-03,+2.596985E+00,+3.296482E+00
+98.028E-03,+2.622111E+00,+3.216080E+00
+98.128E-03,+2.596985E+00,+3.216080E+00
+98.228E-03,+2.632161E+00,+3.216080E+00
+98.328E-03,+2.627136E+00,+3.216080E+00
+98.428E-03,+2.647236E+00,+3.216080E+00
+98.528E-03,+2.596985E+00,+3.296482E+00
+98.628E-03,+2.637186E+00,+3.276382E+00
+98.728E-03,+2.617085E+00,+3.296482E+00
+98.828E-03,+2.647236E+00,+3.236181E+00
+98.928E-03,+2.637186E+00,+3.296482E+00
+99.028E-03,+2.612060E+00,+3.236181E+00
+99.128E-03,+2.627136E+00,+3.256281E+00
+99.228E-03,+2.632161E+00,+3.276382E+00
+99.328E-03,+2.596985E+00,+3.216080E+00
+99.428E-03,+2.602010E+00,+3.216080E+00
+99.528E-03,+2.617085E+00,+3.256281E+00
+99.628E-03,+2.647236E+00,+3.216080E+00
+99.728E-03,+2.596985E+00,+3.296482E+00
+99.828E-03,+2.602010E+00,+3.236181E+00
+99.928E-03,+2.607035E+00,+3.256281E+00
+100.028E-03,,
