-249.8720E-03,+867.2954E-03,+3.0137812E+00
-249.6220E-03,+846.5478E-03,+2.9748743E+00
-249.3720E-03,+807.6372E-03,+2.9774551E+00
-249.1220E-03,+846.5478E-03,+3.0552763E+00
-248.8720E-03,+806.3468E-03,+2.9748743E+00
-248.6220E-03,+766.1458E-03,+2.9748743E+00
-248.3720E-03,+567.7177E-03,+3.0552763E+00
-248.1220E-03,+497.6876E-03,+3.0007720E+00
-247.8720E-03,+323.9347E-03,+3.0552763E+00
-247.6220E-03,+49.0361E-03,+2.9878911E+00
-247.3720E-03,-238.8793E-03,+3.0552763E+00
-247.1220E-03,-359.4823E-03,+3.0033451E+00
-246.8720E-03,-384.0896E-03,+2.9748743E+00
-246.6220E-03,-399.6833E-03,+2.9748743E+00
-246.3720E-03,-364.6324E-03,+3.0449763E+00
-246.1220E-03,-399.6833E-03,+3.0059182E+00
-245.8720E-03,-399.6833E-03,+3.0266620E+00
-245.6220E-03,-435.9491E-03,+2.9748743E+00
-245.3720E-03,-399.6833E-03,+2.9877475E+00
-245.1220E-03,-399.6833E-03,+3.0216594E+00
-244.8720E-03,-386.6627E-03,+3.0009156E+00
-244.6220E-03,-399.6833E-03,+2.9801718E+00
-244.3720E-03,-367.2055E-03,+3.0552763E+00
-244.1220E-03,-337.3764E-03,+3.0110644E+00
-243.8720E-03,-399.6833E-03,+2.9748743E+00
-243.6220E-03,-399.6833E-03,+3.0552763E+00
-243.3720E-03,-390.6736E-03,+3.0372569E+00
-243.1220E-03,-378.8639E-03,+2.9748743E+00
-242.8720E-03,-399.6833E-03,+2.9957694E+00
-242.6220E-03,-359.4823E-03,+3.0552763E+00
-242.3720E-03,-329.5776E-03,+3.0552763E+00
-242.1220E-03,-359.4823E-03,+3.0552763E+00
-241.8720E-03,-359.4823E-03,+3.0552763E+00
-241.6220E-03,-358.2714E-03,+2.9748743E+00
-241.3720E-03,-359.4823E-03,+3.0552763E+00
-241.1220E-03,-337.5276E-03,+3.0113669E+00
-240.8720E-03,-343.7336E-03,+3.0552763E+00
-240.6220E-03,-321.7788E-03,+2.9748743E+00
-240.3720E-03,-319.2813E-03,+2.9748743E+00
-240.1220E-03,-198.6783E-03,+3.0213569E+00
-239.8720E-03,-158.4773E-03,+2.9880500E+00
-239.6220E-03,-34.0902E-03,+2.9748743E+00
-239.3720E-03,+148.9748E-03,+3.0031862E+00
-239.1220E-03,+243.5327E-03,+3.0062207E+00
-238.8720E-03,+399.0355E-03,+3.0446738E+00
-238.6220E-03,+524.9398E-03,+2.9748743E+00
-238.3720E-03,+685.7438E-03,+2.9748743E+00
-238.1220E-03,+846.5478E-03,+3.0036476E+00
-237.8720E-03,+846.5478E-03,+2.9829038E+00
-237.6220E-03,+846.5478E-03,+3.0425620E+00
-237.3720E-03,+870.0197E-03,+2.9748743E+00
-237.1220E-03,+899.8489E-03,+3.0552763E+00
-236.8720E-03,+886.7488E-03,+2.9748743E+00
-236.6220E-03,+854.1915E-03,+3.0399889E+00
-236.3720E-03,+864.5634E-03,+3.0109056E+00
-236.1220E-03,+886.7488E-03,+2.9985013E+00
-235.8720E-03,+886.7488E-03,+2.9777575E+00
-235.6220E-03,+855.4781E-03,+2.9748743E+00
-235.3720E-03,+846.5478E-03,+2.9748743E+00
-235.1220E-03,+876.2219E-03,+2.9959282E+00
-234.8720E-03,+886.5938E-03,+3.0549663E+00
-234.6220E-03,+886.7488E-03,+2.9748743E+00
-234.3720E-03,+825.9591E-03,+3.0160518E+00
-234.1220E-03,+877.5084E-03,+2.9748743E+00
-233.8720E-03,+845.4163E-03,+2.9748743E+00
-233.6220E-03,+817.8502E-03,+3.0552763E+00
-233.3720E-03,+846.5478E-03,+3.0115258E+00
-233.1220E-03,+846.5478E-03,+3.0552763E+00
-232.8720E-03,+846.5478E-03,+3.0552763E+00
-232.6220E-03,+846.5478E-03,+3.0552763E+00
-232.3720E-03,+829.5086E-03,+3.0211980E+00
-232.1220E-03,+772.8131E-03,+3.0419418E+00
-231.8720E-03,+725.9448E-03,+3.0478671E+00
-231.6220E-03,+524.9398E-03,+3.0271233E+00
-231.3720E-03,+468.9862E-03,+3.0237712E+00
-231.1220E-03,+203.3317E-03,+3.1249169E+00
-230.8720E-03,-73.0841E-03,+2.9748743E+00
-230.6220E-03,-319.2813E-03,+2.9748743E+00
-230.3720E-03,-373.9484E-03,+3.0552763E+00
-230.1220E-03,-363.5765E-03,+3.0470881E+00
-229.8720E-03,-399.6833E-03,+2.9748743E+00
-229.6220E-03,-383.0337E-03,+3.0219771E+00
-229.3720E-03,-412.8628E-03,+3.0289174E+00
-229.1220E-03,-396.8758E-03,+3.0552763E+00
-228.8720E-03,-432.3200E-03,+2.9748743E+00
-228.6220E-03,-399.6833E-03,+3.0107467E+00
-228.3720E-03,-387.7904E-03,+2.9986602E+00
-228.1220E-03,-399.6833E-03,+2.9748743E+00
-227.8720E-03,-399.6833E-03,+2.9748743E+00
-227.6220E-03,-399.6833E-03,+3.0133198E+00
-227.3720E-03,-389.0770E-03,+3.0340636E+00
-227.1220E-03,-399.4489E-03,+3.0548074E+00
-226.8720E-03,-379.7572E-03,+2.9951492E+00
-226.6220E-03,-359.4823E-03,+3.0142577E+00
-226.3720E-03,-368.8021E-03,+2.9748743E+00
-226.1220E-03,-360.5344E-03,+2.9769785E+00
-225.8720E-03,-359.4823E-03,+2.9748743E+00
-225.6220E-03,-359.4823E-03,+3.0116846E+00
-225.3720E-03,-327.3146E-03,+2.9909408E+00
-225.1220E-03,-397.3447E-03,+3.0552763E+00
-224.8720E-03,-359.4823E-03,+2.9748743E+00
-224.6220E-03,-359.4823E-03,+2.9748743E+00
-224.3720E-03,-359.4823E-03,+2.9883677E+00
-224.1220E-03,-322.9065E-03,+2.9748743E+00
-223.8720E-03,-319.2813E-03,+2.9748743E+00
-223.6220E-03,-287.6173E-03,+3.0236123E+00
-223.3720E-03,-198.6783E-03,+2.9748743E+00
-223.1220E-03,-113.3646E-03,+2.9846979E+00
-222.8720E-03,+2.3267E-03,+3.0552763E+00
-222.6220E-03,+152.0207E-03,+3.0039653E+00
-222.3720E-03,+319.7612E-03,+2.9832215E+00
-222.1220E-03,+410.5351E-03,+3.0552763E+00
-221.8720E-03,+565.1408E-03,+3.0552763E+00
-221.6220E-03,+793.0879E-03,+3.0013922E+00
-221.3720E-03,+883.8618E-03,+3.0552763E+00
-221.1220E-03,+854.0327E-03,+2.9898441E+00
-220.8720E-03,+864.4046E-03,+3.0195628E+00
-220.6220E-03,+886.7488E-03,+2.9748743E+00
-220.3720E-03,+885.1483E-03,+2.9748743E+00
-220.1220E-03,+886.7488E-03,+3.0552763E+00
-219.8720E-03,+846.5478E-03,+3.0552763E+00
-219.6220E-03,+857.2336E-03,+2.9535028E+00
-219.3720E-03,+886.7488E-03,+3.0552763E+00
-219.1220E-03,+846.5478E-03,+3.0351604E+00
-218.8720E-03,+866.3189E-03,+2.9748743E+00
-218.6220E-03,+886.7488E-03,+2.9748743E+00
-218.3720E-03,+885.7761E-03,+3.0552763E+00
-218.1220E-03,+886.7488E-03,+3.0325873E+00
-217.8720E-03,+846.5478E-03,+3.0183072E+00
-217.6220E-03,+814.4595E-03,+3.0390510E+00
-217.3720E-03,+846.5478E-03,+2.9793928E+00
-217.1220E-03,+859.1789E-03,+2.9748743E+00
-216.8720E-03,+846.5478E-03,+3.0208803E+00
-216.6220E-03,+853.3739E-03,+2.9748743E+00
-216.3720E-03,+846.5478E-03,+2.9819659E+00
-216.1220E-03,+872.8311E-03,+3.0027097E+00
-215.8720E-03,+846.5478E-03,+2.9748743E+00
-215.6220E-03,+811.8864E-03,+2.9748743E+00
-215.3720E-03,+811.1791E-03,+3.0456117E+00
-215.1220E-03,+605.3418E-03,+2.9748743E+00
-214.8720E-03,+499.3637E-03,+3.0041241E+00
-214.6220E-03,+364.1357E-03,+3.0467703E+00
-214.3720E-03,+116.8108E-03,+3.0552763E+00
-214.1220E-03,-118.2763E-03,+3.0078559E+00
-213.8720E-03,-359.4823E-03,+2.9748743E+00
-213.6220E-03,-399.6833E-03,+2.9748743E+00
-213.3720E-03,-407.0888E-03,+2.9896852E+00
-213.1220E-03,-399.6833E-03,+3.0197217E+00
-212.8720E-03,-387.6316E-03,+2.9989779E+00
-212.6220E-03,-399.6833E-03,+3.1289588E+00
-212.3720E-03,-368.1743E-03,+3.0378924E+00
-212.1220E-03,-420.8205E-03,+3.0552763E+00
-211.8720E-03,-399.6833E-03,+2.9964048E+00
-211.6220E-03,-359.8757E-03,+2.9748743E+00
-211.3720E-03,-359.4823E-03,+2.9748743E+00
-211.1220E-03,-359.4823E-03,+2.9748743E+00
-210.8720E-03,-399.6833E-03,+3.0552763E+00
-210.6220E-03,-398.7901E-03,+2.9748743E+00
-210.3720E-03,-370.7475E-03,+3.0327461E+00
-210.1220E-03,-359.4823E-03,+2.9748743E+00
-209.8720E-03,-399.6833E-03,+2.9912586E+00
-209.6220E-03,-399.6833E-03,+3.0552763E+00
-209.3720E-03,-399.6833E-03,+2.9748743E+00
-209.1220E-03,-359.4823E-03,+3.0552763E+00
-208.8720E-03,-359.4823E-03,+2.9748743E+00
-208.6220E-03,-359.4823E-03,+3.0483437E+00
-208.3720E-03,-359.4823E-03,+3.0275999E+00
-208.1220E-03,-311.0621E-03,+2.9748743E+00
-207.8720E-03,-319.2813E-03,+3.0440384E+00
-207.6220E-03,-324.0342E-03,+2.9748743E+00
-207.3720E-03,-334.4061E-03,+2.9748743E+00
-207.1220E-03,-304.5770E-03,+2.9748743E+00
-206.8720E-03,-270.4155E-03,+2.9748743E+00
-206.6220E-03,-152.4379E-03,+2.9869532E+00
-206.3720E-03,-61.6640E-03,+3.0224537E+00
-206.1220E-03,+69.3109E-03,+2.9748743E+00
-205.8720E-03,+203.3317E-03,+2.9748743E+00
-205.6220E-03,+331.2607E-03,+3.0552763E+00
-205.3720E-03,+484.7388E-03,+2.9748743E+00
-205.1220E-03,+645.5428E-03,+2.9748743E+00
-204.8720E-03,+808.1061E-03,+2.9748743E+00
-204.6220E-03,+846.5478E-03,+3.0380512E+00
-204.3720E-03,+867.7643E-03,+3.0128433E+00
-204.1220E-03,+846.5478E-03,+2.9748743E+00
-203.8720E-03,+886.2760E-03,+3.0543308E+00
-203.6220E-03,+886.7488E-03,+2.9748743E+00
-203.3720E-03,+866.4778E-03,+2.9748743E+00
-203.1220E-03,+886.7488E-03,+2.9939905E+00
-202.8720E-03,+845.7340E-03,+2.9748743E+00
-202.6220E-03,+915.7641E-03,+3.0329050E+00
-202.3720E-03,+865.1912E-03,+3.0121612E+00
-202.1220E-03,+886.7488E-03,+3.0552763E+00
-201.8720E-03,+848.6481E-03,+2.9748743E+00
-201.6220E-03,+874.2766E-03,+2.9748743E+00
-201.3720E-03,+869.3919E-03,+3.0095881E+00
-201.1220E-03,+879.7638E-03,+2.9888443E+00
-200.8720E-03,+809.7337E-03,+2.9748743E+00
-200.6220E-03,+860.3066E-03,+3.0023919E+00
-200.3720E-03,+830.4775E-03,+2.9748743E+00
-200.1220E-03,+812.0452E-03,+2.9748743E+00
-199.8720E-03,+846.5478E-03,+3.0552763E+00
-199.6220E-03,+871.7034E-03,+2.9748743E+00
-199.3720E-03,+831.7640E-03,+2.9748743E+00
-199.1220E-03,+810.7587E-03,+3.0552763E+00
-198.8720E-03,+852.5078E-03,+3.0433563E+00
-198.6220E-03,+749.8139E-03,+2.9748743E+00
-198.3720E-03,+551.6436E-03,+2.9748743E+00
-198.1220E-03,+484.7388E-03,+2.9748743E+00
-197.8720E-03,+276.4871E-03,+3.0552763E+00
-197.6220E-03,-15.2918E-03,+3.0101113E+00
-197.3720E-03,-238.8793E-03,+2.9992956E+00
-197.1220E-03,-397.8446E-03,+2.9785518E+00
-196.8720E-03,-368.0155E-03,+2.9919406E+00
-196.6220E-03,-399.6833E-03,+3.0552763E+00
-196.3720E-03,-399.6833E-03,+3.0334282E+00
-196.1220E-03,-399.1312E-03,+3.0541720E+00
-195.8720E-03,-399.6833E-03,+2.9748743E+00
-195.6220E-03,-399.8655E-03,+3.0148932E+00
-195.3720E-03,-399.6833E-03,+2.9748743E+00
-195.1220E-03,-399.6833E-03,+3.0552763E+00
-194.8720E-03,-388.5771E-03,+3.0330638E+00
-194.6220E-03,-399.6833E-03,+3.0178306E+00
-194.3720E-03,-399.6833E-03,+2.9748743E+00
-194.1220E-03,-399.6833E-03,+3.0512345E+00
-193.8720E-03,-399.6833E-03,+3.0304907E+00
-193.6220E-03,-376.9186E-03,+3.0204037E+00
-193.3720E-03,-399.6833E-03,+2.9890032E+00
-193.1220E-03,-359.4823E-03,+2.9814893E+00
-192.8720E-03,-359.4823E-03,+3.0552763E+00
-192.6220E-03,-359.4823E-03,+3.0552763E+00
-192.3720E-03,-325.0592E-03,+2.9748743E+00
-192.1220E-03,-354.8883E-03,+3.0460883E+00
-191.8720E-03,-334.2473E-03,+3.0552763E+00
-191.6220E-03,-344.6192E-03,+2.9748743E+00
-191.3720E-03,-359.4823E-03,+2.9838569E+00
-191.1220E-03,-353.6017E-03,+2.9631131E+00
-190.8720E-03,-359.4823E-03,+3.0227714E+00
-190.6220E-03,-332.8580E-03,+2.9748743E+00
-190.3720E-03,-319.2813E-03,+2.9748743E+00
-190.1220E-03,-198.6783E-03,+2.9748743E+00
-189.8720E-03,-118.2763E-03,+2.9748743E+00
-189.6220E-03,+2.3267E-03,+2.9748743E+00
-189.3720E-03,+82.7287E-03,+3.0552763E+00
-189.1220E-03,+283.7337E-03,+2.9917818E+00
-188.8720E-03,+382.9613E-03,+3.0552763E+00
-188.6220E-03,+565.1408E-03,+2.9968814E+00
-188.3720E-03,+725.3132E-03,+3.0540131E+00
-188.1220E-03,+816.0871E-03,+2.9748743E+00
-187.8720E-03,+886.7488E-03,+2.9748743E+00
-187.6220E-03,+877.0318E-03,+3.0552763E+00
-187.3720E-03,+846.5478E-03,+2.9761842E+00
-187.1220E-03,+886.7488E-03,+3.0552763E+00
-186.8720E-03,+865.3501E-03,+2.9748743E+00
-186.6220E-03,+878.3184E-03,+3.0384156E+00
-186.3720E-03,+886.7488E-03,+2.9787573E+00
-186.1220E-03,+858.8612E-03,+2.9502476E+00
-185.8720E-03,+864.0635E-03,+3.0552763E+00
-185.6220E-03,+879.6050E-03,+2.9748743E+00
-185.3720E-03,+849.7758E-03,+3.0552763E+00
-185.1220E-03,+846.5478E-03,+3.0280765E+00
-184.8720E-03,+846.5478E-03,+2.9748743E+00
-184.6220E-03,+886.7488E-03,+2.9748743E+00
-184.3720E-03,+846.5478E-03,+3.0552763E+00
-184.1220E-03,+846.5478E-03,+3.0046473E+00
-183.8720E-03,+846.5478E-03,+3.0253911E+00
-183.6220E-03,+810.9175E-03,+3.0461349E+00
-183.3720E-03,+846.5478E-03,+3.0552763E+00
-183.1220E-03,+822.5199E-03,+3.0229302E+00
-182.8720E-03,+806.3468E-03,+3.0552763E+00
-182.6220E-03,+849.8320E-03,+2.9748743E+00
-182.3720E-03,+839.4601E-03,+2.9748743E+00
-182.1220E-03,+846.5478E-03,+3.0097936E+00
-181.8720E-03,+661.0048E-03,+2.9748743E+00
-181.6220E-03,+563.1432E-03,+3.0512811E+00
-181.3720E-03,+404.3367E-03,+2.9748743E+00
-181.1220E-03,+163.1307E-03,+2.9748743E+00
-180.8720E-03,-107.1934E-03,+3.0552763E+00
-180.6220E-03,-359.4823E-03,+3.0538542E+00
-180.3720E-03,-390.0225E-03,+2.9748743E+00
-180.1220E-03,-379.5151E-03,+3.0152109E+00
-179.8720E-03,-399.6833E-03,+3.0356836E+00
-179.6220E-03,-360.0578E-03,+2.9760254E+00
-179.3720E-03,-399.6833E-03,+2.9748743E+00
-179.1220E-03,-399.6833E-03,+2.9748743E+00
-178.8720E-03,-422.8647E-03,+2.9748743E+00
-178.6220E-03,-397.8213E-03,+2.9785985E+00
-178.3720E-03,-359.4823E-03,+2.9748743E+00
-178.1220E-03,-382.0882E-03,+3.0200860E+00
-177.8720E-03,-399.6833E-03,+3.0552763E+00
-177.6220E-03,-359.4823E-03,+3.0552763E+00
-177.3720E-03,-399.6833E-03,+3.0282353E+00
-177.1220E-03,-399.6833E-03,+3.0074915E+00
-176.8720E-03,-399.6833E-03,+2.9867478E+00
-176.6220E-03,-399.6833E-03,+3.0464060E+00
-176.3720E-03,-374.2894E-03,+2.9240865E+00
-176.1220E-03,-384.6613E-03,+2.9748743E+00
-175.8720E-03,-354.8322E-03,+2.9841746E+00
-175.6220E-03,-359.4823E-03,+2.9863178E+00
-175.3720E-03,-343.3887E-03,+2.9748743E+00
-175.1220E-03,-359.4823E-03,+2.9748743E+00
-174.8720E-03,-359.4823E-03,+3.0485492E+00
-174.6220E-03,-359.4823E-03,+2.9888909E+00
-174.3720E-03,-342.1022E-03,+2.9748743E+00
-174.1220E-03,-347.0334E-03,+3.0303785E+00
-173.8720E-03,-357.4053E-03,+3.0511223E+00
-173.6220E-03,-279.0803E-03,+2.9748743E+00
-173.3720E-03,-139.8106E-03,+2.9748743E+00
-173.1220E-03,-78.0753E-03,+3.0552763E+00
-172.8720E-03,+3.1172E-03,+2.9764553E+00
-172.6220E-03,+163.1307E-03,+2.9940372E+00
-172.3720E-03,+303.9814E-03,+2.9748743E+00
-172.1220E-03,+444.5378E-03,+3.0552763E+00
-171.8720E-03,+565.6368E-03,+2.9758665E+00
-171.6220E-03,+766.1458E-03,+3.0552763E+00
-171.3720E-03,+865.5089E-03,+3.0173541E+00
-171.1220E-03,+886.7488E-03,+2.9920529E+00
-170.8720E-03,+846.5478E-03,+2.9748743E+00
-170.6220E-03,+858.7023E-03,+2.9748743E+00
-170.3720E-03,+869.0742E-03,+3.0102235E+00
-170.1220E-03,+879.4461E-03,+2.9894797E+00
-169.8720E-03,+886.7488E-03,+3.0552763E+00
-169.6220E-03,+886.7488E-03,+2.9748743E+00
-169.3720E-03,+846.5478E-03,+3.0225003E+00
-169.1220E-03,+886.7488E-03,+2.9869066E+00
-168.8720E-03,+886.7488E-03,+2.9835858E+00
-168.6220E-03,+861.2754E-03,+3.0552763E+00
-168.3720E-03,+861.6493E-03,+3.0050773E+00
-168.1220E-03,+851.2774E-03,+3.0552763E+00
-167.8720E-03,+881.1065E-03,+3.0552763E+00
-167.6220E-03,+846.5478E-03,+2.9748743E+00
-167.3720E-03,+846.5478E-03,+2.9748743E+00
-167.1220E-03,+809.7898E-03,+3.0483903E+00
-166.8720E-03,+846.5478E-03,+3.0275609E+00
-166.6220E-03,+846.5478E-03,+3.0552763E+00
-166.3720E-03,+846.5478E-03,+3.0302196E+00
-166.1220E-03,+884.5923E-03,+3.0552763E+00
-165.8720E-03,+846.5478E-03,+3.0388455E+00
-165.6220E-03,+824.9341E-03,+3.0120490E+00
-165.3720E-03,+817.5886E-03,+2.9973579E+00
-165.1220E-03,+604.4719E-03,+2.9748743E+00
-164.8720E-03,+494.2407E-03,+3.0362724E+00
-164.6220E-03,+344.2619E-03,+3.0552763E+00
-164.3720E-03,+72.7735E-03,+2.9947848E+00
-164.1220E-03,-198.2617E-03,+3.0544431E+00
-163.8720E-03,-399.6833E-03,+2.9748743E+00
-163.6220E-03,-380.6428E-03,+3.0171952E+00
-163.3720E-03,-359.4823E-03,+2.9922117E+00
-163.1220E-03,-399.6833E-03,+3.0518699E+00
-162.8720E-03,-399.6833E-03,+2.9748743E+00
-162.6220E-03,-359.4823E-03,+2.9748743E+00
-162.3720E-03,-366.8645E-03,+3.0405121E+00
-162.1220E-03,-399.6833E-03,+2.9808539E+00
-161.8720E-03,-386.3217E-03,+3.0552763E+00
-161.6220E-03,-399.6833E-03,+2.9748743E+00
-161.3720E-03,-393.5878E-03,+2.9870655E+00
-161.1220E-03,-363.7587E-03,+3.0552763E+00
-160.8720E-03,-385.0351E-03,+3.0259799E+00
-160.6220E-03,-384.5024E-03,+3.0052361E+00
-160.3720E-03,-399.6833E-03,+3.0456583E+00
-160.1220E-03,-399.6833E-03,+3.0441506E+00
-159.8720E-03,-375.4171E-03,+3.0234068E+00
-159.6220E-03,-399.6833E-03,+3.0026630E+00
-159.3720E-03,-359.4823E-03,+3.0552763E+00
-159.1220E-03,-366.3318E-03,+2.9748743E+00
-158.8720E-03,-359.4823E-03,+2.9748743E+00
-158.6220E-03,-346.8746E-03,+2.9748743E+00
-158.3720E-03,-357.2464E-03,+3.0508046E+00
-158.1220E-03,-359.4823E-03,+2.9748743E+00
-157.8720E-03,-337.7892E-03,+3.0182606E+00
-157.6220E-03,-359.4823E-03,+2.9975168E+00
-157.3720E-03,-358.5330E-03,+3.0552763E+00
-157.1220E-03,-319.2813E-03,+3.0552763E+00
-156.8720E-03,-178.8839E-03,+3.0144632E+00
-156.6220E-03,-148.4426E-03,+2.9949437E+00
-156.3720E-03,-37.5371E-03,+2.9748743E+00
-156.1220E-03,+112.2206E-03,+2.9962926E+00
-155.8720E-03,+222.4517E-03,+3.0552763E+00
-155.6220E-03,+323.9347E-03,+2.9923706E+00
-155.3720E-03,+486.3625E-03,+2.9781219E+00
-155.1220E-03,+673.7481E-03,+2.9988657E+00
-154.8720E-03,+824.1802E-03,+2.9748743E+00
-154.6220E-03,+846.5478E-03,+2.9897975E+00
-154.3720E-03,+849.4581E-03,+2.9748743E+00
-154.1220E-03,+846.5478E-03,+3.0552763E+00
-153.8720E-03,+886.7488E-03,+3.0221826E+00
-153.6220E-03,+852.7228E-03,+3.0552763E+00
-153.3720E-03,+850.7447E-03,+3.0468826E+00
-153.1220E-03,+872.1800E-03,+3.0261388E+00
-152.8720E-03,+902.0091E-03,+3.0247557E+00
-152.6220E-03,+886.7488E-03,+2.9748743E+00
-152.3720E-03,+852.0312E-03,+2.9748743E+00
-152.1220E-03,+870.8935E-03,+3.0235657E+00
-151.8720E-03,+872.7750E-03,+3.0028219E+00
-151.6220E-03,+886.7488E-03,+2.9820781E+00
-151.3720E-03,+886.7488E-03,+2.9884144E+00
-151.1220E-03,+863.6897E-03,+2.9748743E+00
-150.8720E-03,+846.5478E-03,+3.0552763E+00
-150.6220E-03,+806.3468E-03,+3.0552763E+00
-150.3720E-03,+870.6357E-03,+2.9748743E+00
-150.1220E-03,+846.5478E-03,+3.0117313E+00
-149.8720E-03,+835.1471E-03,+2.9748743E+00
-149.6220E-03,+846.5478E-03,+2.9748743E+00
-149.3720E-03,+846.5478E-03,+2.9935606E+00
-149.1220E-03,+826.0618E-03,+3.0158463E+00
-148.8720E-03,+806.3468E-03,+3.0350481E+00
-148.6220E-03,+725.9448E-03,+2.9748743E+00
-148.3720E-03,+554.5111E-03,+2.9961337E+00
-148.1220E-03,+444.5378E-03,+2.9748743E+00
-147.8720E-03,+252.3603E-03,+2.9925294E+00
-147.6220E-03,-37.8743E-03,+3.0552763E+00
-147.3720E-03,-279.0803E-03,+3.0552763E+00
-147.1220E-03,-399.6833E-03,+3.0194506E+00
-146.8720E-03,-392.1424E-03,+3.0401944E+00
-146.6220E-03,-362.3132E-03,+3.0496145E+00
-146.3720E-03,-399.6833E-03,+3.0012799E+00
-146.1220E-03,-399.6833E-03,+2.9748743E+00
-145.8720E-03,-399.6833E-03,+3.0427675E+00
-145.6220E-03,-399.6833E-03,+2.9748743E+00
-145.3720E-03,-399.6833E-03,+3.0552763E+00
-145.1220E-03,-384.3436E-03,+2.9748743E+00
-144.8720E-03,-394.7155E-03,+3.0453406E+00
-144.6220E-03,-394.2793E-03,+2.9748743E+00
-144.3720E-03,-383.9074E-03,+2.9748743E+00
-144.1220E-03,-373.5355E-03,+3.0271699E+00
-143.8720E-03,-399.6833E-03,+2.9748743E+00
-143.6220E-03,-366.1729E-03,+2.9748743E+00
-143.3720E-03,-399.6833E-03,+2.9748743E+00
-143.1220E-03,-372.2490E-03,+2.9748743E+00
-142.8720E-03,-361.8771E-03,+2.9796638E+00
-142.6220E-03,-351.5052E-03,+2.9908286E+00
-142.3720E-03,-359.4823E-03,+2.9748743E+00
-142.1220E-03,-359.4823E-03,+3.0552763E+00
-141.8720E-03,-359.4823E-03,+3.0552763E+00
-141.6220E-03,-359.4823E-03,+2.9748743E+00
-141.3720E-03,-359.4823E-03,+3.0160052E+00
-141.1220E-03,-329.4749E-03,+3.0348893E+00
-140.8720E-03,-359.4823E-03,+3.0552763E+00
-140.6220E-03,-319.2813E-03,+3.0552763E+00
-140.3720E-03,-258.1582E-03,+3.0552763E+00
-140.1220E-03,-189.7714E-03,+2.9748743E+00
-139.8720E-03,-118.2763E-03,+3.0552763E+00
-139.6220E-03,+30.6909E-03,+3.0316027E+00
-139.3720E-03,+100.7210E-03,+2.9748743E+00
-139.1220E-03,+283.7337E-03,+2.9748743E+00
-138.8720E-03,+404.3367E-03,+3.0497734E+00
-138.6220E-03,+551.1865E-03,+2.9748743E+00
-138.3720E-03,+702.4495E-03,+2.9748743E+00
-138.1220E-03,+806.3468E-03,+3.0426086E+00
-137.8720E-03,+886.7488E-03,+2.9748743E+00
-137.6220E-03,+846.5478E-03,+3.0036942E+00
-137.3720E-03,+861.9670E-03,+3.0057127E+00
-137.1220E-03,+881.7015E-03,+3.0451818E+00
-136.8720E-03,+886.7488E-03,+2.9855235E+00
-136.6220E-03,+846.5478E-03,+2.9748743E+00
-136.3720E-03,+886.7488E-03,+2.9466091E+00
-136.1220E-03,+846.5478E-03,+3.0477549E+00
-135.8720E-03,+886.7488E-03,+3.0420541E+00
-135.6220E-03,+886.7488E-03,+2.9748743E+00
-135.3720E-03,+859.3939E-03,+3.0295842E+00
-135.1220E-03,+849.0220E-03,+3.0503280E+00
-134.8720E-03,+854.4455E-03,+2.9906698E+00
-134.6220E-03,+886.7488E-03,+2.9748743E+00
-134.3720E-03,+846.5478E-03,+3.0321573E+00
-134.1220E-03,+847.7354E-03,+2.9748743E+00
-133.8720E-03,+846.5478E-03,+3.0369078E+00
-133.6220E-03,+826.9916E-03,+2.9748743E+00
-133.3720E-03,+846.5478E-03,+2.9748743E+00
-133.1220E-03,+926.6530E-03,+2.9750722E+00
-132.8720E-03,+846.5478E-03,+2.9748743E+00
-132.6220E-03,+825.7051E-03,+2.9748743E+00
-132.3720E-03,+837.5614E-03,+3.0552763E+00
-132.1220E-03,+845.1623E-03,+2.9748743E+00
-131.8720E-03,+633.7854E-03,+2.9748743E+00
-131.6220E-03,+524.9398E-03,+3.0191329E+00
-131.3720E-03,+396.6369E-03,+2.9748743E+00
-131.1220E-03,+122.9297E-03,+2.9748743E+00
-130.8720E-03,-91.1192E-03,+3.0009622E+00
-130.6220E-03,-359.4823E-03,+3.0217060E+00
-130.3720E-03,-393.2701E-03,+2.9748743E+00
-130.1220E-03,-399.6833E-03,+2.9748743E+00
-129.8720E-03,-399.6833E-03,+3.0552763E+00
-129.6220E-03,-359.4823E-03,+2.9748743E+00
-129.3720E-03,-399.6833E-03,+3.0450229E+00
-129.1220E-03,-399.6833E-03,+3.0552763E+00
-128.8720E-03,-399.6833E-03,+2.9748743E+00
-128.6220E-03,-359.4823E-03,+3.0032985E+00
-128.3720E-03,-399.6833E-03,+3.0475960E+00
-128.1220E-03,-366.0141E-03,+3.0422129E+00
-127.8720E-03,-376.3860E-03,+3.0214691E+00
-127.6220E-03,-399.6833E-03,+3.0007253E+00
-127.3720E-03,-362.0360E-03,+2.9799816E+00
-127.1220E-03,-399.6833E-03,+2.9748743E+00
-126.8720E-03,-399.6833E-03,+3.0552763E+00
-126.6220E-03,-399.6833E-03,+3.0319985E+00
-126.3720E-03,-360.7494E-03,+3.0527422E+00
-126.1220E-03,-359.4823E-03,+2.9930840E+00
-125.8720E-03,-380.2066E-03,+3.0163229E+00
-125.6220E-03,-329.6337E-03,+2.9955791E+00
-125.3720E-03,-319.3008E-03,+3.0552763E+00
-125.1220E-03,-359.4823E-03,+3.0552763E+00
-124.8720E-03,-359.4823E-03,+3.0552763E+00
-124.6220E-03,-328.3472E-03,+2.9748743E+00
-124.3720E-03,-320.5874E-03,+2.9774865E+00
-124.1220E-03,-359.4823E-03,+3.0552763E+00
-123.8720E-03,-319.2813E-03,+3.0189740E+00
-123.6220E-03,-279.0803E-03,+2.9748743E+00
-123.3720E-03,-155.8847E-03,+3.0500911E+00
-123.1220E-03,-50.8388E-03,+3.0293473E+00
-122.8720E-03,+59.3923E-03,+3.0552763E+00
-122.6220E-03,+230.5473E-03,+2.9878598E+00
-122.3720E-03,+323.9347E-03,+3.0552763E+00
-122.1220E-03,+444.5378E-03,+3.0267742E+00
-121.8720E-03,+620.9198E-03,+3.0241203E+00
-121.6220E-03,+801.1406E-03,+2.9852867E+00
-121.3720E-03,+846.5478E-03,+2.9852058E+00
-121.1220E-03,+846.5478E-03,+3.0059496E+00
-120.8720E-03,+872.4573E-03,+3.0034573E+00
-120.6220E-03,+850.4674E-03,+2.9748743E+00
-120.3720E-03,+886.7488E-03,+3.0552763E+00
-120.1220E-03,+863.3720E-03,+2.9748743E+00
-119.8720E-03,+846.5478E-03,+3.0008842E+00
-119.6220E-03,+886.7488E-03,+2.9801404E+00
-119.3720E-03,+879.0100E-03,+2.9903520E+00
-119.1220E-03,+886.7488E-03,+2.9748743E+00
-118.8720E-03,+898.4672E-03,+3.0318396E+00
-118.6220E-03,+886.7488E-03,+2.9748743E+00
-118.3720E-03,+886.7488E-03,+3.0552763E+00
-118.1220E-03,+865.9451E-03,+2.9748743E+00
-117.8720E-03,+876.3170E-03,+2.9957380E+00
-117.6220E-03,+846.4879E-03,+2.9748743E+00
-117.3720E-03,+826.9707E-03,+3.0346524E+00
-117.1220E-03,+806.3468E-03,+3.0162420E+00
-116.8720E-03,+824.6373E-03,+2.9748743E+00
-116.6220E-03,+846.5478E-03,+3.0528231E+00
-116.3720E-03,+834.9493E-03,+3.0320793E+00
-116.1220E-03,+868.5182E-03,+3.0552763E+00
-115.8720E-03,+806.3468E-03,+2.9748743E+00
-115.6220E-03,+844.0346E-03,+3.0502500E+00
-115.3720E-03,+806.3468E-03,+2.9748743E+00
-115.1220E-03,+565.1408E-03,+2.9748743E+00
-114.8720E-03,+524.9398E-03,+3.0552763E+00
-114.6220E-03,+320.1350E-03,+3.0476769E+00
-114.3720E-03,+28.3561E-03,+3.0269331E+00
-114.1220E-03,-238.8793E-03,+3.0061893E+00
-113.8720E-03,-389.1122E-03,+3.0552763E+00
-113.6220E-03,-399.6833E-03,+3.0451037E+00
-113.3720E-03,-399.6833E-03,+3.0243600E+00
-113.1220E-03,-359.4823E-03,+2.9748743E+00
-112.8720E-03,-399.6833E-03,+3.0472783E+00
-112.6220E-03,-399.6833E-03,+3.0425306E+00
-112.3720E-03,-399.6833E-03,+3.0552763E+00
-112.1220E-03,-412.7677E-03,+3.0010431E+00
-111.8720E-03,-399.6833E-03,+3.0498514E+00
-111.6220E-03,-399.6833E-03,+3.0399575E+00
-111.3720E-03,-381.6520E-03,+2.9748743E+00
-111.1220E-03,-371.2801E-03,+2.9748743E+00
-110.8720E-03,-320.7072E-03,+2.9748743E+00
-110.6220E-03,-399.6833E-03,+2.9927663E+00
-110.3720E-03,-378.8002E-03,+3.0166406E+00
-110.1220E-03,-389.1721E-03,+2.9748743E+00
-109.8720E-03,-399.6833E-03,+2.9751531E+00
-109.6220E-03,-389.4508E-03,+2.9748743E+00
-109.3720E-03,-359.4823E-03,+3.0140675E+00
-109.1220E-03,-359.4823E-03,+3.0368270E+00
-108.8720E-03,-359.4823E-03,+2.9748743E+00
-108.6220E-03,-347.9632E-03,+3.0322382E+00
-108.3720E-03,-359.4823E-03,+3.0552763E+00
-108.1220E-03,-327.2195E-03,+3.0552763E+00
-107.8720E-03,-319.2813E-03,+2.9748743E+00
-107.6220E-03,-332.0870E-03,+2.9748743E+00
-107.3720E-03,-319.2813E-03,+2.9748743E+00
-107.1220E-03,-319.2813E-03,+3.0552763E+00
-106.8720E-03,-198.6783E-03,+3.0552763E+00
-106.6220E-03,-132.3685E-03,+3.0030588E+00
-106.3720E-03,-37.8743E-03,+2.9748743E+00
-106.1220E-03,+82.7287E-03,+3.0552763E+00
-105.8720E-03,+243.5327E-03,+2.9848881E+00
-105.6220E-03,+388.9580E-03,+3.0056319E+00
-105.3720E-03,+524.9398E-03,+2.9748743E+00
-105.1220E-03,+685.7438E-03,+2.9830313E+00
-104.8720E-03,+846.5478E-03,+3.0552763E+00
-104.6220E-03,+846.5478E-03,+2.9748743E+00
-104.3720E-03,+846.5478E-03,+3.0012019E+00
-104.1220E-03,+809.1387E-03,+3.0496925E+00
-103.8720E-03,+879.1688E-03,+3.0401164E+00
-103.6220E-03,+868.7969E-03,+3.0193726E+00
-103.3720E-03,+846.5478E-03,+2.9748743E+00
-103.1220E-03,+846.5478E-03,+2.9748743E+00
-102.8720E-03,+855.4143E-03,+2.9926074E+00
-102.6220E-03,+867.5104E-03,+3.0552763E+00
-102.3720E-03,+886.7488E-03,+2.9748743E+00
-102.1220E-03,+846.7666E-03,+3.0548388E+00
-101.8720E-03,+876.5957E-03,+2.9748743E+00
-101.6220E-03,+866.2238E-03,+3.0159243E+00
-101.3720E-03,+846.5478E-03,+2.9934826E+00
-101.1220E-03,+846.5478E-03,+3.0531408E+00
-100.8720E-03,+846.5478E-03,+2.9748743E+00
-100.6220E-03,+849.9699E-03,+3.0184974E+00
-100.3720E-03,+846.5478E-03,+2.9909095E+00
-100.1220E-03,+846.5478E-03,+3.0552763E+00
-99.8720E-03,+819.0730E-03,+3.0298239E+00
-99.6220E-03,+846.5478E-03,+2.9748743E+00
-99.3720E-03,+819.8088E-03,+2.9748743E+00
-99.1220E-03,+809.9877E-03,+2.9821561E+00
-98.8720E-03,+806.3468E-03,+2.9748743E+00
-98.6220E-03,+725.9448E-03,+3.0065070E+00
-98.3720E-03,+559.6963E-03,+3.0552763E+00
-98.1220E-03,+444.5378E-03,+2.9847292E+00
-97.8720E-03,+228.2334E-03,+3.0054730E+00
-97.6220E-03,-78.0753E-03,+3.0039339E+00
-97.3720E-03,-319.2813E-03,+2.9748743E+00
-97.1220E-03,-399.6833E-03,+2.9748743E+00
-96.8720E-03,-376.0682E-03,+2.9748743E+00
-96.6220E-03,-372.7256E-03,+3.0287899E+00
-96.3720E-03,-399.6833E-03,+3.0552763E+00
-96.1220E-03,-359.4823E-03,+2.9748743E+00
-95.8720E-03,-399.6833E-03,+3.0552763E+00
-95.6220E-03,-399.6833E-03,+2.9748743E+00
-95.3720E-03,-399.6833E-03,+3.0521068E+00
-95.1220E-03,-368.2695E-03,+2.9748743E+00
-94.8720E-03,-380.5243E-03,+3.0169583E+00
-94.6220E-03,-399.6833E-03,+2.9962146E+00
-94.3720E-03,-359.4823E-03,+2.9754708E+00
-94.1220E-03,-389.6097E-03,+2.9748743E+00
-93.8720E-03,-399.6833E-03,+3.0143852E+00
-93.6220E-03,-338.0484E-03,+3.0365093E+00
-93.3720E-03,-360.4707E-03,+3.0552763E+00
-93.1220E-03,-388.3231E-03,+3.0325559E+00
-92.8720E-03,-381.2145E-03,+3.0118121E+00
-92.6220E-03,-367.5793E-03,+3.0390824E+00
-92.3720E-03,-361.7572E-03,+3.0507265E+00
-92.1220E-03,-346.8355E-03,+3.0299828E+00
-91.8720E-03,-359.4823E-03,+3.0209117E+00
-91.6220E-03,-352.6719E-03,+2.9884952E+00
-91.3720E-03,-359.4823E-03,+2.9748743E+00
-91.1220E-03,-345.5490E-03,+2.9748743E+00
-90.8720E-03,-359.4823E-03,+3.0066659E+00
-90.6220E-03,-319.2813E-03,+2.9748743E+00
-90.3720E-03,-238.8793E-03,+3.0455803E+00
-90.1220E-03,-133.4962E-03,+2.9748743E+00
-89.8720E-03,-103.6671E-03,+3.0260579E+00
-89.6220E-03,+34.0531E-03,+2.9748743E+00
-89.3720E-03,+135.1989E-03,+3.0430072E+00
-89.1220E-03,+267.2273E-03,+3.0078873E+00
-88.8720E-03,+404.3367E-03,+3.0286310E+00
-88.6220E-03,+565.1408E-03,+3.0552763E+00
-88.3720E-03,+773.5669E-03,+2.9748743E+00
-88.1220E-03,+846.5478E-03,+3.0104604E+00
-87.8720E-03,+846.5478E-03,+2.9748743E+00
-87.6220E-03,+885.0846E-03,+2.9782027E+00
-87.3720E-03,+878.0411E-03,+2.9748743E+00
-87.1220E-03,+888.7906E-03,+3.0171172E+00
-86.8720E-03,+886.7488E-03,+3.0337773E+00
-86.6220E-03,+886.3712E-03,+3.0545211E+00
-86.3720E-03,+886.7488E-03,+2.9748743E+00
-86.1220E-03,+886.7488E-03,+2.9748743E+00
-85.8720E-03,+865.4738E-03,+2.9748743E+00
-85.6220E-03,+926.0409E-03,+2.9748743E+00
-85.3720E-03,+857.8286E-03,+2.9748743E+00
-85.1220E-03,+846.5478E-03,+3.0181797E+00
-84.8720E-03,+910.5970E-03,+2.9748743E+00
-84.6220E-03,+886.7488E-03,+2.9748743E+00
-84.3720E-03,+846.5478E-03,+2.9748743E+00
-84.1220E-03,+863.8095E-03,+3.0093978E+00
-83.8720E-03,+886.7488E-03,+2.9748743E+00
-83.6220E-03,+846.5478E-03,+2.9748743E+00
-83.3720E-03,+872.8949E-03,+2.9748743E+00
-83.1220E-03,+846.5478E-03,+2.9748743E+00
-82.8720E-03,+846.5478E-03,+2.9748743E+00
-82.6220E-03,+877.2116E-03,+2.9748743E+00
-82.3720E-03,+846.5478E-03,+2.9748743E+00
-82.1220E-03,+831.8592E-03,+2.9748743E+00
-81.8720E-03,+641.2260E-03,+2.9748743E+00
-81.6220E-03,+524.9398E-03,+2.9748743E+00
-81.3720E-03,+364.1357E-03,+3.0077284E+00
-81.1220E-03,+122.9297E-03,+2.9748743E+00
-80.8720E-03,-118.2763E-03,+3.0552763E+00
-80.6220E-03,-231.5376E-03,+2.9748743E+00
-80.3720E-03,-256.5929E-03,+2.9748743E+00
-80.1220E-03,-238.8793E-03,+2.9748743E+00
-79.8720E-03,-200.4220E-03,+2.9748743E+00
-79.6220E-03,-238.8793E-03,+2.9921309E+00
-79.3720E-03,-219.8792E-03,+2.9748743E+00
-79.1220E-03,-209.5073E-03,+2.9965323E+00
-78.8720E-03,-198.6783E-03,+2.9748743E+00
-78.6220E-03,-148.5625E-03,+2.9748743E+00
-78.3720E-03,-158.4773E-03,+2.9748743E+00
-78.1220E-03,-148.9349E-03,+3.0552763E+00
-77.8720E-03,-119.1058E-03,+3.0536174E+00
-77.6220E-03,-89.2767E-03,+2.9748743E+00
-77.3720E-03,-78.0753E-03,+2.9376189E+00
-77.1220E-03,-46.1302E-03,+2.9109840E+00
-76.8720E-03,-37.8743E-03,+2.9748743E+00
-76.6220E-03,-50.3622E-03,+2.9748743E+00
-76.3720E-03,+42.5277E-03,+2.9748743E+00
-76.1220E-03,+42.5277E-03,+2.9748743E+00
-75.8720E-03,+42.5277E-03,+2.9748743E+00
-75.6220E-03,+82.7287E-03,+2.9748743E+00
-75.3720E-03,+122.9297E-03,+2.9748743E+00
-75.1220E-03,+122.9297E-03,+2.9748743E+00
-74.8720E-03,+163.1307E-03,+2.9748743E+00
-74.6220E-03,+203.3317E-03,+2.9748743E+00
-74.3720E-03,+203.3317E-03,+2.9748743E+00
-74.1220E-03,+243.5327E-03,+2.9748743E+00
-73.8720E-03,+317.9590E-03,+3.0433249E+00
-73.6220E-03,+380.4833E-03,+2.9748743E+00
-73.3720E-03,+511.4583E-03,+2.9748743E+00
-73.1220E-03,+562.0311E-03,+2.9006916E+00
-72.8720E-03,+725.9448E-03,+2.9748743E+00
-72.6220E-03,+828.9136E-03,+2.9396060E+00
-72.3720E-03,+846.5478E-03,+2.9748743E+00
-72.1220E-03,+886.7488E-03,+2.9748743E+00
-71.8720E-03,+878.2000E-03,+2.9748743E+00
-71.6220E-03,+886.7488E-03,+2.9748743E+00
-71.3720E-03,+886.7488E-03,+2.9748743E+00
-71.1220E-03,+886.7488E-03,+2.9748743E+00
-70.8720E-03,+886.7488E-03,+2.9945451E+00
-70.6220E-03,+886.7488E-03,+2.9748743E+00
-70.3720E-03,+886.7488E-03,+2.9748743E+00
-70.1220E-03,+925.4497E-03,+2.9748743E+00
-69.8720E-03,+886.7488E-03,+2.9748743E+00
-69.6220E-03,+886.7488E-03,+2.9318867E+00
-69.3720E-03,+886.7488E-03,+2.9582038E+00
-69.1220E-03,+886.7488E-03,+2.9748743E+00
-68.8720E-03,+886.7488E-03,+2.9748743E+00
-68.6220E-03,+909.5292E-03,+2.9748743E+00
-68.3720E-03,+886.7488E-03,+2.9748743E+00
-68.1220E-03,+886.7488E-03,+2.9748743E+00
-67.8720E-03,+913.2547E-03,+2.9218625E+00
-67.6220E-03,+862.6819E-03,+2.9748743E+00
-67.3720E-03,+852.3100E-03,+2.9748743E+00
-67.1220E-03,+846.5478E-03,+2.9748743E+00
-66.8720E-03,+831.5662E-03,+2.9748743E+00
-66.6220E-03,+871.9013E-03,+2.9748743E+00
-66.3720E-03,+810.8224E-03,+2.9659231E+00
-66.1220E-03,+886.7488E-03,+2.8944723E+00
-65.8720E-03,+862.8160E-03,+2.9748743E+00
-65.6220E-03,+899.8279E-03,+2.9748743E+00
-65.3720E-03,+849.7368E-03,+2.9684962E+00
-65.1220E-03,+813.5296E-03,+2.9748743E+00
-64.8720E-03,+828.9931E-03,+2.9748743E+00
-64.6220E-03,+886.7488E-03,+2.9748743E+00
-64.3720E-03,+888.6513E-03,+2.8982773E+00
-64.1220E-03,+926.9498E-03,+2.9748743E+00
-63.8720E-03,+926.9498E-03,+2.9748743E+00
-63.6220E-03,+937.9376E-03,+2.8944723E+00
-63.3720E-03,+967.1508E-03,+2.9736425E+00
-63.1220E-03,+1.0073518E+00,+2.9748743E+00
-62.8720E-03,+1.0073518E+00,+2.8944723E+00
-62.6220E-03,+1.0475528E+00,+2.9748743E+00
-62.3720E-03,+1.0475528E+00,+2.9748743E+00
-62.1220E-03,+1.0877538E+00,+2.9527893E+00
-61.8720E-03,+1.0689672E+00,+2.9373011E+00
-61.6220E-03,+1.0877538E+00,+2.9748743E+00
-61.3720E-03,+1.0897110E+00,+2.9709600E+00
-61.1220E-03,+1.1156258E+00,+2.9502162E+00
-60.8720E-03,+1.1506558E+00,+2.8944723E+00
-60.6220E-03,+1.1279548E+00,+2.9087286E+00
-60.3720E-03,+1.1279548E+00,+2.8944723E+00
-60.1220E-03,+1.1681558E+00,+2.9217036E+00
-59.8720E-03,+1.1681558E+00,+2.8944723E+00
-59.6220E-03,+1.1623142E+00,+2.9631912E+00
-59.3720E-03,+1.2083568E+00,+2.8944723E+00
-59.1220E-03,+1.1934546E+00,+2.8944723E+00
-58.8720E-03,+1.2083568E+00,+2.9450205E+00
-58.6220E-03,+1.2129119E+00,+2.8944723E+00
-58.3720E-03,+1.2083568E+00,+2.8944723E+00
-58.1220E-03,+1.2485578E+00,+2.9424968E+00
-57.8720E-03,+1.2485578E+00,+2.9475936E+00
-57.6220E-03,+1.2518263E+00,+2.9683374E+00
-57.3720E-03,+1.2556613E+00,+2.8944723E+00
-57.1220E-03,+1.2887588E+00,+2.8944723E+00
-56.8720E-03,+1.2887588E+00,+2.8944723E+00
-56.6220E-03,+1.2887588E+00,+2.8984362E+00
-56.3720E-03,+1.3289599E+00,+2.8944723E+00
-56.1220E-03,+1.3289599E+00,+2.8944723E+00
-55.8720E-03,+1.3691609E+00,+2.8723378E+00
-55.6220E-03,+1.3691609E+00,+2.8958631E+00
-55.3720E-03,+1.3691609E+00,+2.8944723E+00
-55.1220E-03,+1.3893134E+00,+2.8543755E+00
-54.8720E-03,+1.4093619E+00,+2.8336317E+00
-54.6220E-03,+1.4093619E+00,+2.8944723E+00
-54.3720E-03,+1.4203249E+00,+2.8944723E+00
-54.1220E-03,+1.4306968E+00,+2.8944723E+00
-53.8720E-03,+1.4093619E+00,+2.8310586E+00
-53.6220E-03,+1.4112396E+00,+2.8944723E+00
-53.3720E-03,+1.4495629E+00,+2.8385696E+00
-53.1220E-03,+1.4495629E+00,+2.8944723E+00
-52.8720E-03,+1.4495629E+00,+2.8944723E+00
-52.6220E-03,+1.4495629E+00,+2.8203989E+00
-52.3720E-03,+1.4762277E+00,+2.8944723E+00
-52.1220E-03,+1.4897639E+00,+2.8944723E+00
-51.8720E-03,+1.4897639E+00,+2.8826303E+00
-51.6220E-03,+1.4942147E+00,+2.8855706E+00
-51.3720E-03,+1.5299649E+00,+2.8944723E+00
-51.1220E-03,+1.5299649E+00,+2.8944723E+00
-50.8720E-03,+1.5701659E+00,+2.8852034E+00
-50.6220E-03,+1.6046295E+00,+2.8140703E+00
-50.3720E-03,+1.6103669E+00,+2.8944723E+00
-50.1220E-03,+1.6368481E+00,+2.8140703E+00
-49.8720E-03,+1.6505679E+00,+2.8877765E+00
-49.6220E-03,+1.6837449E+00,+2.8281183E+00
-49.3720E-03,+1.7135740E+00,+2.8488621E+00
-49.1220E-03,+1.7309699E+00,+2.8389368E+00
-48.8720E-03,+1.7309699E+00,+2.8140703E+00
-48.6220E-03,+1.7711709E+00,+2.8140703E+00
-48.3720E-03,+1.8113719E+00,+2.8140703E+00
-48.1220E-03,+1.8113719E+00,+2.8140703E+00
-47.8720E-03,+1.8515729E+00,+2.8140703E+00
-47.6220E-03,+1.8917739E+00,+2.8140703E+00
-47.3720E-03,+1.8917739E+00,+2.8545343E+00
-47.1220E-03,+1.9319749E+00,+2.8140703E+00
-46.8720E-03,+1.8922857E+00,+2.8140703E+00
-46.6220E-03,+1.9319749E+00,+2.8140703E+00
-46.3720E-03,+1.9532305E+00,+2.8140703E+00
-46.1220E-03,+1.9721759E+00,+2.8140703E+00
-45.8720E-03,+1.9721759E+00,+2.8104737E+00
-45.6220E-03,+1.9721759E+00,+2.8140703E+00
-45.3720E-03,+2.0123769E+00,+2.8140703E+00
-45.1220E-03,+2.0123769E+00,+2.7482423E+00
-44.8720E-03,+2.0123769E+00,+2.8140703E+00
-44.6220E-03,+1.9856327E+00,+2.8140703E+00
-44.3720E-03,+1.9960046E+00,+2.7664130E+00
-44.1220E-03,+2.0123769E+00,+2.7456692E+00
-43.8720E-03,+2.0525779E+00,+2.8140703E+00
-43.6220E-03,+2.0525779E+00,+2.7845837E+00
-43.3720E-03,+2.0927789E+00,+2.7838988E+00
-43.1220E-03,+2.0927789E+00,+2.8046425E+00
-42.8720E-03,+2.1329799E+00,+2.8027543E+00
-42.6220E-03,+2.1329799E+00,+2.8140703E+00
-42.3720E-03,+2.1995827E+00,+2.7864719E+00
-42.1220E-03,+2.2133820E+00,+2.8072157E+00
-41.8720E-03,+2.2535830E+00,+2.8001812E+00
-41.6220E-03,+2.2535830E+00,+2.8140703E+00
-41.3720E-03,+2.2937840E+00,+2.8140703E+00
-41.1220E-03,+2.2959247E+00,+2.7336683E+00
-40.8720E-03,+2.2937840E+00,+2.7336683E+00
-40.6220E-03,+2.3741860E+00,+2.7336683E+00
-40.3720E-03,+2.4031609E+00,+2.7336683E+00
-40.1220E-03,+2.3741860E+00,+2.7336683E+00
-39.8720E-03,+2.4239046E+00,+2.7336683E+00
-39.6220E-03,+2.4139651E+00,+2.7336683E+00
-39.3720E-03,+2.4545880E+00,+2.7336683E+00
-39.1220E-03,+2.4545880E+00,+2.7345330E+00
-38.8720E-03,+2.5241858E+00,+2.7336683E+00
-38.6220E-03,+2.4947890E+00,+2.7336683E+00
-38.3720E-03,+2.5263370E+00,+2.7336683E+00
-38.1220E-03,+2.5332711E+00,+2.7336683E+00
-37.8720E-03,+2.4947890E+00,+2.6774479E+00
-37.6220E-03,+2.5172517E+00,+2.7336683E+00
-37.3720E-03,+2.5021554E+00,+2.7336683E+00
-37.1220E-03,+2.5349900E+00,+2.7336683E+00
-36.8720E-03,+2.5081663E+00,+2.7336683E+00
-36.6220E-03,+2.5514418E+00,+2.7336683E+00
-36.3720E-03,+2.5751910E+00,+2.6654261E+00
-36.1220E-03,+2.5751910E+00,+2.7250843E+00
-35.8720E-03,+2.5898549E+00,+2.6532663E+00
-35.6220E-03,+2.6153920E+00,+2.7336683E+00
-35.3720E-03,+2.6507997E+00,+2.7336683E+00
-35.1220E-03,+2.6611716E+00,+2.6532663E+00
-34.8720E-03,+2.6957940E+00,+2.6851672E+00
-34.6220E-03,+2.7096727E+00,+2.7059110E+00
-34.3720E-03,+2.7359950E+00,+2.7266548E+00
-34.1220E-03,+2.7359950E+00,+2.6532663E+00
-33.8720E-03,+2.7761960E+00,+2.6532663E+00
-33.6220E-03,+2.7761960E+00,+2.6784505E+00
-33.3720E-03,+2.7806364E+00,+2.6577067E+00
-33.1220E-03,+2.8245487E+00,+2.6532663E+00
-32.8720E-03,+2.8565980E+00,+2.6099114E+00
-32.6220E-03,+2.8565980E+00,+2.6532663E+00
-32.3720E-03,+2.8565980E+00,+2.6532663E+00
-32.1220E-03,+2.8565980E+00,+2.7147918E+00
-31.8720E-03,+2.8565980E+00,+2.6136460E+00
-31.6220E-03,+2.8264160E+00,+2.6332283E+00
-31.3720E-03,+2.8565980E+00,+2.5735701E+00
-31.1220E-03,+2.8565980E+00,+2.5943139E+00
-30.8720E-03,+2.8565980E+00,+2.6532663E+00
-30.6220E-03,+2.8967990E+00,+2.5903291E+00
-30.3720E-03,+2.9353606E+00,+2.6499874E+00
-30.1220E-03,+2.9370000E+00,+2.6292436E+00
-29.8720E-03,+2.9593833E+00,+2.6532663E+00
-29.6220E-03,+3.0099562E+00,+2.5728643E+00
-29.3720E-03,+3.0174020E+00,+2.5728643E+00
-29.1220E-03,+3.0307000E+00,+2.6266705E+00
-28.8720E-03,+3.0576031E+00,+2.5728643E+00
-28.6220E-03,+3.0637624E+00,+2.6532663E+00
-28.3720E-03,+3.1337925E+00,+2.5728643E+00
-28.1220E-03,+3.0978041E+00,+2.5728643E+00
-27.8720E-03,+3.1380051E+00,+2.5728643E+00
-27.6220E-03,+3.1380051E+00,+2.5728643E+00
-27.3720E-03,+3.1435042E+00,+2.6532663E+00
-27.1220E-03,+3.1538761E+00,+2.5242043E+00
-26.8720E-03,+3.1782061E+00,+2.5728643E+00
-26.6220E-03,+3.1782061E+00,+2.5728643E+00
-26.3720E-03,+3.1782061E+00,+2.5060337E+00
-26.1220E-03,+3.1380051E+00,+2.5728643E+00
-25.8720E-03,+3.1506766E+00,+2.5178053E+00
-25.6220E-03,+3.1403047E+00,+2.5682650E+00
-25.3720E-03,+3.1380051E+00,+2.5728643E+00
-25.1220E-03,+3.1380051E+00,+2.5359760E+00
-24.8720E-03,+3.1782061E+00,+2.5728643E+00
-24.6220E-03,+3.1782061E+00,+2.5728643E+00
-24.3720E-03,+3.1875649E+00,+2.5728643E+00
-24.1220E-03,+3.2184071E+00,+2.5319237E+00
-23.8720E-03,+3.2285055E+00,+2.4924623E+00
-23.6220E-03,+3.2586081E+00,+2.5723173E+00
-23.3720E-03,+3.2988091E+00,+2.5137530E+00
-23.1220E-03,+3.2988091E+00,+2.4924623E+00
-22.8720E-03,+3.3076209E+00,+2.5728643E+00
-22.6220E-03,+3.3390101E+00,+2.4924623E+00
-22.3720E-03,+3.3672792E+00,+2.4924623E+00
-22.1220E-03,+3.4015149E+00,+2.4924623E+00
-21.8720E-03,+3.4194121E+00,+2.4924623E+00
-21.6220E-03,+3.4194121E+00,+2.4924623E+00
-21.3720E-03,+3.4194121E+00,+2.4924623E+00
-21.1220E-03,+3.4194121E+00,+2.4452815E+00
-20.8720E-03,+3.4194121E+00,+2.4245378E+00
-20.6220E-03,+3.4194121E+00,+2.5728643E+00
-20.3720E-03,+3.3792111E+00,+2.4924623E+00
-20.1220E-03,+3.4040880E+00,+2.4924623E+00
-19.8720E-03,+3.4194121E+00,+2.4120603E+00
-19.6220E-03,+3.4596131E+00,+2.4228997E+00
-19.3720E-03,+3.4596131E+00,+2.4924623E+00
-19.1220E-03,+3.4998141E+00,+2.4120603E+00
-18.8720E-03,+3.5363495E+00,+2.4193915E+00
-18.6220E-03,+3.5400151E+00,+2.4790497E+00
-18.3720E-03,+3.5802161E+00,+2.4120603E+00
-18.1220E-03,+3.6076662E+00,+2.4375622E+00
-17.8720E-03,+3.6606181E+00,+2.4877042E+00
-17.6220E-03,+3.6606181E+00,+2.4120603E+00
-17.3720E-03,+3.7008191E+00,+2.3683877E+00
-17.1220E-03,+3.7008191E+00,+2.4120603E+00
-16.8720E-03,+3.7008191E+00,+2.4120603E+00
-16.6220E-03,+3.7008191E+00,+2.4306190E+00
-16.3720E-03,+3.7008191E+00,+2.4120603E+00
-16.1220E-03,+3.7008191E+00,+2.4120603E+00
-15.8720E-03,+3.6606181E+00,+2.4120603E+00
-15.6220E-03,+3.6711841E+00,+2.3527901E+00
-15.3720E-03,+3.6815560E+00,+2.3316583E+00
-15.1220E-03,+3.7008191E+00,+2.4120603E+00
-14.8720E-03,+3.7008191E+00,+2.4120603E+00
-14.6220E-03,+3.7410201E+00,+2.3553633E+00
-14.3720E-03,+3.7410201E+00,+2.4120603E+00
-14.1220E-03,+3.7736164E+00,+2.4120603E+00
-13.8720E-03,+3.7812211E+00,+2.4065259E+00
-13.6220E-03,+3.8214221E+00,+2.3316583E+00
-13.3720E-03,+3.8381122E+00,+2.3316583E+00
-13.1220E-03,+3.8616231E+00,+2.2638926E+00
-12.8720E-03,+3.9018241E+00,+2.4039528E+00
-12.6220E-03,+3.9018241E+00,+2.3605095E+00
-12.3720E-03,+3.9266217E+00,+2.3316583E+00
-12.1220E-03,+3.9420252E+00,+2.3316583E+00
-11.8720E-03,+3.9366849E+00,+2.3316583E+00
-11.6220E-03,+3.9018241E+00,+2.3316583E+00
-11.3720E-03,+3.8877072E+00,+2.3838264E+00
-11.1220E-03,+3.8616231E+00,+2.3316583E+00
-10.8720E-03,+3.8616231E+00,+2.3184046E+00
-10.6220E-03,+3.9018241E+00,+2.3316583E+00
-10.3720E-03,+3.9018241E+00,+2.3316583E+00
-10.1220E-03,+3.9420252E+00,+2.2561732E+00
-9.8720E-03,+3.9420252E+00,+2.3316583E+00
-9.6220E-03,+3.9822262E+00,+2.2878268E+00
-9.3720E-03,+3.9937700E+00,+2.2512563E+00
-9.1220E-03,+4.0614562E+00,+2.2512563E+00
-8.8720E-03,+4.0626282E+00,+2.3132584E+00
-8.6220E-03,+4.1430302E+00,+2.3316583E+00
-8.3720E-03,+4.1832312E+00,+2.3111437E+00
-8.1220E-03,+4.1833458E+00,+2.2510270E+00
-7.8720E-03,+4.2234322E+00,+2.2512563E+00
-7.6220E-03,+4.2040896E+00,+2.2512563E+00
-7.3720E-03,+4.1922019E+00,+2.2691977E+00
-7.1220E-03,+4.1444314E+00,+2.2512563E+00
-6.8720E-03,+4.1430302E+00,+2.2512563E+00
-6.6220E-03,+4.1028292E+00,+2.2069663E+00
-6.3720E-03,+4.1430302E+00,+2.2512563E+00
-6.1220E-03,+4.1430302E+00,+2.2512563E+00
-5.8720E-03,+4.1832312E+00,+2.2512563E+00
-5.6220E-03,+4.1832312E+00,+2.2177173E+00
-5.3720E-03,+4.2170346E+00,+2.1836494E+00
-5.1220E-03,+4.2596589E+00,+2.1788028E+00
-4.8720E-03,+4.2636332E+00,+2.1708542E+00
-4.6220E-03,+4.3038342E+00,+2.1708542E+00
-4.3720E-03,+4.3440352E+00,+2.2410342E+00
-4.1220E-03,+4.3492960E+00,+2.2407346E+00
-3.8720E-03,+4.3842362E+00,+2.1395888E+00
-3.6220E-03,+4.3842362E+00,+2.1708542E+00
-3.3720E-03,+4.3804117E+00,+2.1708542E+00
-3.1220E-03,+4.3440352E+00,+2.1035471E+00
-2.8720E-03,+4.3440352E+00,+2.1708542E+00
-2.6220E-03,+4.3038342E+00,+2.1708542E+00
-2.3720E-03,+4.3440352E+00,+2.1657784E+00
-2.1220E-03,+4.3362012E+00,+2.1551863E+00
-1.8720E-03,+4.3440352E+00,+2.1344425E+00
-1.6220E-03,+4.3556585E+00,+2.1708542E+00
-1.3720E-03,+4.3842362E+00,+2.1683515E+00
-1.1220E-03,+4.3933567E+00,+2.1526132E+00
-872.0E-06,+4.4646382E+00,+2.1318694E+00
-622.0E-06,+4.4749749E+00,+2.1501809E+00
-372.0E-06,+4.4646734E+00,+2.0904522E+00
-122.0E-06,+4.5152463E+00,+2.0904522E+00
+128.0E-06,+4.5256182E+00,+2.1292963E+00
+378.0E-06,+4.5138894E+00,+2.1085525E+00
+628.0E-06,+4.5450402E+00,+2.0904522E+00
+878.0E-06,+4.5165329E+00,+2.1474670E+00
+1.1280E-03,+4.5229747E+00,+2.0904522E+00
+1.3780E-03,+4.5048392E+00,+2.0904522E+00
+1.6280E-03,+4.4672465E+00,+2.0904522E+00
+1.8780E-03,+4.4776184E+00,+2.0100502E+00
+2.1280E-03,+4.5216881E+00,+2.0904522E+00
+2.3780E-03,+4.5450402E+00,+2.0774982E+00
+2.6280E-03,+4.5450402E+00,+2.0100502E+00
+2.8780E-03,+4.5852412E+00,+2.0904522E+00
+3.1280E-03,+4.5852412E+00,+2.0904522E+00
+3.3780E-03,+4.6254422E+00,+2.0204312E+00
+3.6280E-03,+4.6254422E+00,+2.0800894E+00
+3.8780E-03,+4.6656432E+00,+2.0100502E+00
+4.1280E-03,+4.6915684E+00,+2.0100502E+00
+4.3780E-03,+4.7019403E+00,+2.0100502E+00
+4.6280E-03,+4.6656432E+00,+2.0100502E+00
+4.8780E-03,+4.6254422E+00,+2.0100502E+00
+5.1280E-03,+4.6254422E+00,+2.0100502E+00
+5.3780E-03,+4.5852412E+00,+2.0100502E+00
+5.6280E-03,+4.5929958E+00,+1.9451573E+00
+5.8780E-03,+4.6475168E+00,+2.0100502E+00
+6.1280E-03,+4.6371449E+00,+1.9866449E+00
+6.3780E-03,+4.6669740E+00,+2.0073886E+00
+6.6280E-03,+4.7370041E+00,+2.0100502E+00
+6.8780E-03,+4.7460452E+00,+1.9296482E+00
+7.1280E-03,+4.7460452E+00,+1.9296482E+00
+7.3780E-03,+4.7862462E+00,+1.9296482E+00
+7.6280E-03,+4.7965739E+00,+1.9296482E+00
+7.8780E-03,+4.7862462E+00,+1.9296482E+00
+8.1280E-03,+4.7862462E+00,+1.9296482E+00
+8.3780E-03,+4.7874886E+00,+1.9296482E+00
+8.6280E-03,+4.8148330E+00,+1.8724746E+00
+8.8780E-03,+4.7862462E+00,+1.8856760E+00
+9.1280E-03,+4.7862462E+00,+1.9296482E+00
+9.3780E-03,+4.7837174E+00,+1.8543040E+00
+9.6280E-03,+4.7733455E+00,+1.9038467E+00
+9.8780E-03,+4.7862462E+00,+1.9296482E+00
+10.1280E-03,+4.7928027E+00,+1.8623591E+00
+10.3780E-03,+4.8302627E+00,+1.8492462E+00
+10.6280E-03,+4.9068493E+00,+1.8492462E+00
+10.8780E-03,+4.8912075E+00,+1.9296482E+00
+11.1280E-03,+4.9068493E+00,+1.8597860E+00
+11.3780E-03,+4.9821493E+00,+1.8492462E+00
+11.6280E-03,+4.9625241E+00,+1.8492462E+00
+11.8780E-03,+4.9872513E+00,+1.8492462E+00
+12.1280E-03,+4.9872513E+00,+1.8492462E+00
+12.3780E-03,+4.9872513E+00,+1.8492462E+00
+12.6280E-03,+4.9470503E+00,+1.8492462E+00
+12.8780E-03,+4.9339816E+00,+1.8492462E+00
+13.1280E-03,+4.9470503E+00,+1.7742378E+00
+13.3780E-03,+4.9547254E+00,+1.7688442E+00
+13.6280E-03,+4.9872513E+00,+1.8492462E+00
+13.8780E-03,+5.0274523E+00,+1.7688442E+00
+14.1280E-03,+5.0676533E+00,+1.7716647E+00
+14.3780E-03,+5.1078543E+00,+1.7688442E+00
+14.6280E-03,+5.1480553E+00,+1.7688442E+00
+14.8780E-03,+5.1882563E+00,+1.7898353E+00
+15.1280E-03,+5.1882563E+00,+1.7688442E+00
+15.3780E-03,+5.2182091E+00,+1.8492462E+00
+15.6280E-03,+5.2078372E+00,+1.7688442E+00
+15.8780E-03,+5.2192483E+00,+1.7688442E+00
+16.1280E-03,+5.1882563E+00,+1.6907680E+00
+16.3780E-03,+5.1365205E+00,+1.7688442E+00
+16.6280E-03,+5.1663496E+00,+1.7688442E+00
+16.8780E-03,+5.1157767E+00,+1.7688442E+00
+17.1280E-03,+5.1882563E+00,+1.7688442E+00
+17.3780E-03,+5.1882563E+00,+1.6884422E+00
+17.6280E-03,+5.2284573E+00,+1.6884422E+00
+17.8780E-03,+5.2284573E+00,+1.7688442E+00
+18.1280E-03,+5.3051233E+00,+1.7613722E+00
+18.3780E-03,+5.3088593E+00,+1.7406284E+00
+18.6280E-03,+5.3245805E+00,+1.6884422E+00
+18.8780E-03,+5.3490603E+00,+1.6884422E+00
+19.1280E-03,+5.3842388E+00,+1.6984873E+00
+19.3780E-03,+5.3242538E+00,+1.6884422E+00
+19.6280E-03,+5.2830930E+00,+1.7399749E+00
+19.8780E-03,+5.2686583E+00,+1.6884422E+00
+20.1280E-03,+5.2686583E+00,+1.6332767E+00
+20.3780E-03,+5.2686583E+00,+1.6884422E+00
+20.6280E-03,+5.2686583E+00,+1.6621460E+00
+20.8780E-03,+5.3088593E+00,+1.6080402E+00
+21.1280E-03,+5.3566560E+00,+1.6080402E+00
+21.3780E-03,+5.3892613E+00,+1.6525071E+00
+21.6280E-03,+5.4413239E+00,+1.6317633E+00
+21.8780E-03,+5.4711530E+00,+1.6110195E+00
+22.1280E-03,+5.5098643E+00,+1.6258047E+00
+22.3780E-03,+5.5500653E+00,+1.6499339E+00
+22.6280E-03,+5.5394903E+00,+1.6672922E+00
+22.8780E-03,+5.5098643E+00,+1.6080402E+00
+23.1280E-03,+5.4696633E+00,+1.6080402E+00
+23.3780E-03,+5.4294623E+00,+1.6080402E+00
+23.6280E-03,+5.3985497E+00,+1.6080402E+00
+23.8780E-03,+5.4294623E+00,+1.6080402E+00
+24.1280E-03,+5.4869536E+00,+1.6080402E+00
+24.3780E-03,+5.4880371E+00,+1.6080402E+00
+24.6280E-03,+5.4776652E+00,+1.5920364E+00
+24.8780E-03,+5.5500653E+00,+1.5323782E+00
+25.1280E-03,+5.5775244E+00,+1.5531220E+00
+25.3780E-03,+5.5902663E+00,+1.5618126E+00
+25.6280E-03,+5.6237520E+00,+1.5946096E+00
+25.8780E-03,+5.5902663E+00,+1.5276382E+00
+26.1280E-03,+5.5640938E+00,+1.5276382E+00
+26.3780E-03,+5.5500653E+00,+1.5276382E+00
+26.6280E-03,+5.5446366E+00,+1.5276382E+00
+26.8780E-03,+5.5098643E+00,+1.5276382E+00
+27.1280E-03,+5.5596363E+00,+1.5276382E+00
+27.3780E-03,+5.5500653E+00,+1.5276382E+00
+27.6280E-03,+5.5500653E+00,+1.5276382E+00
+27.8780E-03,+5.6304673E+00,+1.5276382E+00
+28.1280E-03,+5.6068679E+00,+1.4472362E+00
+28.3780E-03,+5.6436949E+00,+1.4472362E+00
+28.6280E-03,+5.6735240E+00,+1.4472362E+00
+28.8780E-03,+5.6781846E+00,+1.5276382E+00
+29.1280E-03,+5.7108694E+00,+1.4830124E+00
+29.3780E-03,+5.7108694E+00,+1.4472362E+00
+29.6280E-03,+5.6706683E+00,+1.4472362E+00
+29.8780E-03,+5.6304673E+00,+1.4472362E+00
+30.1280E-03,+5.6304673E+00,+1.4855856E+00
+30.3780E-03,+5.6600139E+00,+1.4472362E+00
+30.6280E-03,+5.6307499E+00,+1.4472362E+00
+30.8780E-03,+5.6706683E+00,+1.3870129E+00
+31.1280E-03,+5.6911296E+00,+1.4077567E+00
+31.3780E-03,+5.7108694E+00,+1.4472362E+00
+31.6280E-03,+5.7510704E+00,+1.4452281E+00
+31.8780E-03,+5.7912714E+00,+1.4472362E+00
+32.1280E-03,+5.7912714E+00,+1.4472362E+00
+32.3780E-03,+5.8233911E+00,+1.3829968E+00
+32.6280E-03,+5.7912714E+00,+1.3668342E+00
+32.8780E-03,+5.7510704E+00,+1.3668342E+00
+33.1280E-03,+5.7108694E+00,+1.3668342E+00
+33.3780E-03,+5.7108694E+00,+1.3668342E+00
+33.6280E-03,+5.7108694E+00,+1.3668342E+00
+33.8780E-03,+5.7510704E+00,+1.3143302E+00
+34.1280E-03,+5.7753913E+00,+1.3181923E+00
+34.3780E-03,+5.7912714E+00,+1.3668342E+00
+34.6280E-03,+5.8266087E+00,+1.2961596E+00
+34.8780E-03,+5.8065070E+00,+1.2864321E+00
+35.1280E-03,+5.8314724E+00,+1.2864321E+00
+35.3780E-03,+5.8716734E+00,+1.3583909E+00
+35.6280E-03,+5.8716734E+00,+1.2864321E+00
+35.8780E-03,+5.8479945E+00,+1.2864321E+00
+36.1280E-03,+5.8314724E+00,+1.3130461E+00
+36.3780E-03,+5.7912714E+00,+1.2864321E+00
+36.6280E-03,+5.7912714E+00,+1.3519605E+00
+36.8780E-03,+5.7912714E+00,+1.3312167E+00
+37.1280E-03,+5.7912714E+00,+1.2864321E+00
+37.3780E-03,+5.8314724E+00,+1.2060301E+00
+37.6280E-03,+5.8716734E+00,+1.2864321E+00
+37.8780E-03,+5.9118744E+00,+1.2864321E+00
+38.1280E-03,+5.9226082E+00,+1.2864321E+00
+38.3780E-03,+5.9919144E+00,+1.2060301E+00
+38.6280E-03,+5.9922764E+00,+1.2060301E+00
+38.8780E-03,+5.9922764E+00,+1.2060301E+00
+39.1280E-03,+5.9922764E+00,+1.2060301E+00
+39.3780E-03,+5.9520754E+00,+1.1256281E+00
+39.6280E-03,+5.9118744E+00,+1.2060301E+00
+39.8780E-03,+5.9118744E+00,+1.2060301E+00
+40.1280E-03,+5.9200351E+00,+1.2060301E+00
+40.3780E-03,+5.9900652E+00,+1.2104525E+00
+40.6280E-03,+6.0048594E+00,+1.1808640E+00
+40.8780E-03,+6.0554323E+00,+1.2060301E+00
+41.1280E-03,+6.0726784E+00,+1.1393765E+00
+41.3780E-03,+6.1163771E+00,+1.1256281E+00
+41.6280E-03,+6.1530804E+00,+1.1533673E+00
+41.8780E-03,+6.1530804E+00,+1.1256281E+00
+42.1280E-03,+6.1530804E+00,+1.1256281E+00
+42.3780E-03,+6.1128794E+00,+1.1256281E+00
+42.6280E-03,+6.0977232E+00,+1.0953158E+00
+42.8780E-03,+6.0726784E+00,+1.1766842E+00
+43.1280E-03,+6.1085783E+00,+1.1256281E+00
+43.3780E-03,+6.0726784E+00,+1.0452261E+00
+43.6280E-03,+6.0891211E+00,+1.1256281E+00
+43.8780E-03,+6.1262658E+00,+1.1256281E+00
+44.1280E-03,+6.1530804E+00,+1.0452261E+00
+44.3780E-03,+6.1604378E+00,+1.1109133E+00
+44.6280E-03,+6.2157531E+00,+1.0806847E+00
+44.8780E-03,+6.2615836E+00,+1.0694258E+00
+45.1280E-03,+6.2719555E+00,+1.0452261E+00
+45.3780E-03,+6.2019254E+00,+982.1120E-03
+45.6280E-03,+6.1720962E+00,+1.0452261E+00
+45.8780E-03,+6.1530804E+00,+1.0452261E+00
+46.1280E-03,+6.1530804E+00,+1.0452261E+00
+46.3780E-03,+6.1530804E+00,+1.0452261E+00
+46.6280E-03,+6.1530804E+00,+1.0452261E+00
+46.8780E-03,+6.1932814E+00,+1.0452261E+00
+47.1280E-03,+6.1941266E+00,+964.8241E-03
+47.3780E-03,+6.3026674E+00,+1.0452261E+00
+47.6280E-03,+6.3138844E+00,+964.8241E-03
+47.8780E-03,+6.3540854E+00,+1.0287458E+00
+48.1280E-03,+6.3942864E+00,+969.0876E-03
+48.3780E-03,+6.3942864E+00,+964.8241E-03
+48.6280E-03,+6.3138844E+00,+964.8241E-03
+48.8780E-03,+6.2667298E+00,+964.8241E-03
+49.1280E-03,+6.2736834E+00,+964.8241E-03
+49.3780E-03,+6.2736834E+00,+992.4045E-03
+49.6280E-03,+6.2736834E+00,+964.8241E-03
+49.8780E-03,+6.3138844E+00,+964.8241E-03
+50.1280E-03,+6.3493806E+00,+955.4144E-03
+50.3780E-03,+6.3540854E+00,+884.4221E-03
+50.6280E-03,+6.4197351E+00,+964.8241E-03
+50.8780E-03,+6.4388679E+00,+893.1831E-03
+51.1280E-03,+6.4344874E+00,+952.8413E-03
+51.3780E-03,+6.4419618E+00,+884.4221E-03
+51.6280E-03,+6.3942864E+00,+884.4221E-03
+51.8780E-03,+6.3540854E+00,+884.4221E-03
+52.1280E-03,+6.3468075E+00,+884.4221E-03
+52.3780E-03,+6.3540854E+00,+884.4221E-03
+52.6280E-03,+6.3540854E+00,+884.4221E-03
+52.8780E-03,+6.3942864E+00,+884.4221E-03
+53.1280E-03,+6.4028510E+00,+821.1491E-03
+53.3780E-03,+6.4344874E+00,+884.4221E-03
+53.6280E-03,+6.4746884E+00,+804.0201E-03
+53.8780E-03,+6.4746884E+00,+883.3805E-03
+54.1280E-03,+6.5050384E+00,+884.4221E-03
+54.3780E-03,+6.4746884E+00,+884.4221E-03
+54.6280E-03,+6.4344874E+00,+804.0201E-03
+54.8780E-03,+6.3942864E+00,+804.0201E-03
+55.1280E-03,+6.3942864E+00,+745.8934E-03
+55.3780E-03,+6.3942864E+00,+804.0201E-03
+55.6280E-03,+6.4428070E+00,+804.0201E-03
+55.8780E-03,+6.4365397E+00,+727.7227E-03
+56.1280E-03,+6.4746884E+00,+804.0201E-03
+56.3780E-03,+6.4746884E+00,+804.0201E-03
+56.6280E-03,+6.5148894E+00,+737.6841E-03
+56.8780E-03,+6.5550904E+00,+730.2958E-03
+57.1280E-03,+6.5413797E+00,+723.6181E-03
+57.3780E-03,+6.4987711E+00,+723.6181E-03
+57.6280E-03,+6.4344874E+00,+723.6181E-03
+57.8780E-03,+6.4298620E+00,+723.6181E-03
+58.1280E-03,+6.4344874E+00,+703.2053E-03
+58.3780E-03,+6.4493192E+00,+723.6181E-03
+58.6280E-03,+6.4746884E+00,+723.6181E-03
+58.8780E-03,+6.5148894E+00,+723.6181E-03
+59.1280E-03,+6.5311733E+00,+691.0504E-03
+59.3780E-03,+6.5284347E+00,+670.3066E-03
+59.6280E-03,+6.5180628E+00,+649.5628E-03
+59.8780E-03,+6.5550904E+00,+723.6181E-03
+60.1280E-03,+6.5777210E+00,+723.6181E-03
+60.3780E-03,+6.5271481E+00,+699.1007E-03
+60.6280E-03,+6.5130026E+00,+723.6181E-03
+60.8780E-03,+6.4429725E+00,+643.2161E-03
+61.1280E-03,+6.4746884E+00,+643.2161E-03
+61.3780E-03,+6.4272028E+00,+643.2161E-03
+61.6280E-03,+6.5148894E+00,+723.6181E-03
+61.8780E-03,+6.5952915E+00,+643.2161E-03
+62.1280E-03,+6.5550904E+00,+643.2161E-03
+62.3780E-03,+6.5952915E+00,+643.2161E-03
+62.6280E-03,+6.6354925E+00,+643.2161E-03
+62.8780E-03,+6.6354925E+00,+621.0997E-03
+63.1280E-03,+6.6569226E+00,+605.6743E-03
+63.3780E-03,+6.6036905E+00,+546.0160E-03
+63.6280E-03,+6.5550904E+00,+562.8141E-03
+63.8780E-03,+6.5550904E+00,+562.8141E-03
+64.1280E-03,+6.5778071E+00,+597.7828E-03
+64.3780E-03,+6.6354925E+00,+562.8141E-03
+64.6280E-03,+6.6354925E+00,+562.8141E-03
+64.8780E-03,+6.6756935E+00,+509.6747E-03
+65.1280E-03,+6.7158945E+00,+562.8141E-03
+65.3780E-03,+6.7502696E+00,+494.0639E-03
+65.6280E-03,+6.7606415E+00,+553.7221E-03
+65.8780E-03,+6.7560955E+00,+482.4121E-03
+66.1280E-03,+6.7560955E+00,+512.2345E-03
+66.3780E-03,+6.6711541E+00,+482.4121E-03
+66.6280E-03,+6.5952915E+00,+482.4121E-03
+66.8780E-03,+6.5952915E+00,+530.4052E-03
+67.1280E-03,+6.5687151E+00,+509.6614E-03
+67.3780E-03,+6.5952915E+00,+482.4121E-03
+67.6280E-03,+6.5952915E+00,+482.4121E-03
+67.8780E-03,+6.6354925E+00,+482.4121E-03
+68.1280E-03,+6.6076296E+00,+482.4121E-03
+68.3780E-03,+6.5933252E+00,+482.4121E-03
+68.6280E-03,+6.5466848E+00,+482.4121E-03
+68.8780E-03,+6.5148894E+00,+439.5652E-03
+69.1280E-03,+6.4234359E+00,+482.4121E-03
+69.3780E-03,+6.1537601E+00,+403.3694E-03
+69.6280E-03,+6.1128794E+00,+421.3945E-03
+69.8780E-03,+6.2334824E+00,+402.0100E-03
+70.1280E-03,+6.2334824E+00,+421.5401E-03
+70.3780E-03,+6.2340893E+00,+402.0100E-03
+70.6280E-03,+6.2736834E+00,+402.0100E-03
+70.8780E-03,+6.1957817E+00,+444.7114E-03
+71.1280E-03,+6.2334824E+00,+402.0100E-03
+71.3780E-03,+6.1932814E+00,+402.0100E-03
+71.6280E-03,+6.1932814E+00,+377.4794E-03
+71.8780E-03,+6.1932814E+00,+402.0100E-03
+72.1280E-03,+6.1128794E+00,+402.0100E-03
+72.3780E-03,+6.0726784E+00,+402.0100E-03
+72.6280E-03,+5.8712187E+00,+321.6080E-03
+72.8780E-03,+5.5902663E+00,+402.0100E-03
+73.1280E-03,+5.4755687E+00,+402.0100E-03
+73.3780E-03,+5.6304673E+00,+321.6080E-03
+73.6280E-03,+5.8166339E+00,+351.2849E-03
+73.8780E-03,+5.8164817E+00,+402.0100E-03
+74.1280E-03,+5.8314724E+00,+392.7725E-03
+74.3780E-03,+5.7912714E+00,+321.6080E-03
+74.6280E-03,+5.7751464E+00,+321.6080E-03
+74.8780E-03,+5.7510704E+00,+349.0162E-03
+75.1280E-03,+5.7108694E+00,+321.6080E-03
+75.3780E-03,+5.7038297E+00,+321.6080E-03
+75.6280E-03,+5.6304673E+00,+321.6080E-03
+75.8780E-03,+5.5778488E+00,+377.1749E-03
+76.1280E-03,+5.3913070E+00,+321.6080E-03
+76.3780E-03,+5.1882563E+00,+321.6080E-03
+76.6280E-03,+4.9470503E+00,+402.0100E-03
+76.8780E-03,+4.8375782E+00,+321.6080E-03
+77.1280E-03,+4.7854871E+00,+321.6080E-03
+77.3780E-03,+4.7460452E+00,+302.3825E-03
+77.6280E-03,+4.7460452E+00,+281.6387E-03
+77.8780E-03,+4.8166028E+00,+260.8949E-03
+78.1280E-03,+4.8269747E+00,+321.6080E-03
+78.3780E-03,+4.7753469E+00,+299.8093E-03
+78.6280E-03,+4.8453770E+00,+321.6080E-03
+78.8780E-03,+4.8580904E+00,+321.6080E-03
+79.1280E-03,+4.8666483E+00,+321.6080E-03
+79.3780E-03,+4.8788342E+00,+321.6080E-03
+79.6280E-03,+4.8490050E+00,+286.3216E-03
+79.8780E-03,+4.8191759E+00,+321.6080E-03
+80.1280E-03,+4.3378341E+00,+247.4072E-03
+80.3780E-03,+3.7946936E+00,+321.6080E-03
+80.6280E-03,+3.4521254E+00,+321.6080E-03
+80.8780E-03,+3.0635878E+00,+253.1755E-03
+81.1280E-03,+2.7718089E+00,+321.6080E-03
+81.3780E-03,+2.4800300E+00,+321.6080E-03
+81.6280E-03,+2.2787139E+00,+291.4679E-03
+81.8780E-03,+2.0431815E+00,+321.6080E-03
+82.1280E-03,+1.7021163E+00,+390.6627E-03
+82.3780E-03,+1.4656084E+00,+321.6080E-03
+82.6280E-03,+1.2623414E+00,+321.6080E-03
+82.8780E-03,+930.3615E-03,+314.7847E-03
+83.1280E-03,+678.7835E-03,+321.6080E-03
+83.3780E-03,+404.3367E-03,+241.2060E-03
+83.6280E-03,+163.1307E-03,+321.6080E-03
+83.8780E-03,-42.1245E-03,+321.6080E-03
+84.1280E-03,-279.0803E-03,+321.6080E-03
+84.3780E-03,-418.3020E-03,+321.6080E-03
+84.6280E-03,-480.0854E-03,+263.6269E-03
+84.8780E-03,-560.4874E-03,+323.2851E-03
+85.1280E-03,-560.4874E-03,+382.9433E-03
+85.3780E-03,-600.6884E-03,+321.6080E-03
+85.6280E-03,-600.6884E-03,+321.6080E-03
+85.8780E-03,-601.1364E-03,+321.6080E-03
+86.1280E-03,-640.8894E-03,+321.6080E-03
+86.3780E-03,-640.8894E-03,+363.9917E-03
+86.6280E-03,-600.6884E-03,+321.6080E-03
+86.8780E-03,-399.6833E-03,+321.6080E-03
+87.1280E-03,-387.5769E-03,+321.6080E-03
+87.3780E-03,-399.6833E-03,+321.6080E-03
+87.6280E-03,-399.6833E-03,+387.3086E-03
+87.8780E-03,-399.6833E-03,+321.6080E-03
+88.1280E-03,-399.6833E-03,+321.6080E-03
+88.3780E-03,-439.8843E-03,+402.0100E-03
+88.6280E-03,-554.4232E-03,+389.8817E-03
+88.8780E-03,-564.7951E-03,+402.0100E-03
+89.1280E-03,-600.6884E-03,+350.9672E-03
+89.3780E-03,-640.8894E-03,+402.0100E-03
+89.6280E-03,-681.0904E-03,+402.0100E-03
+89.8780E-03,-640.8894E-03,+321.6080E-03
+90.1280E-03,-656.8555E-03,+402.0100E-03
+90.3780E-03,-681.0904E-03,+349.3340E-03
+90.6280E-03,-677.5993E-03,+402.0100E-03
+90.8780E-03,-714.4106E-03,+402.0100E-03
+91.1280E-03,-698.3431E-03,+402.0100E-03
+91.3780E-03,-693.6668E-03,+402.0100E-03
+91.6280E-03,-681.0904E-03,+402.0100E-03
+91.8780E-03,-681.0904E-03,+402.0100E-03
+92.1280E-03,-640.8894E-03,+445.3335E-03
+92.3780E-03,-589.3985E-03,+402.0100E-03
+92.6280E-03,-559.5694E-03,+402.0100E-03
+92.8780E-03,-560.4874E-03,+482.4121E-03
+93.1280E-03,-600.6884E-03,+441.6617E-03
+93.3780E-03,-610.6917E-03,+422.0166E-03
+93.6280E-03,-640.8894E-03,+402.0100E-03
+93.8780E-03,-681.0904E-03,+460.9311E-03
+94.1280E-03,-681.0904E-03,+482.4121E-03
+94.3780E-03,-689.8071E-03,+464.9786E-03
+94.6280E-03,-682.7455E-03,+482.4121E-03
+94.8780E-03,-681.0904E-03,+482.4121E-03
+95.1280E-03,-721.2914E-03,+437.6142E-03
+95.3780E-03,-721.2914E-03,+467.5517E-03
+95.6280E-03,-721.2914E-03,+482.4121E-03
+95.8780E-03,-721.2914E-03,+536.1869E-03
+96.1280E-03,-697.6059E-03,+482.4121E-03
+96.3780E-03,-721.2914E-03,+482.4121E-03
+96.6280E-03,-721.2914E-03,+482.4121E-03
+96.8780E-03,-681.0904E-03,+482.4121E-03
+97.1280E-03,-665.8614E-03,+532.3562E-03
+97.3780E-03,-640.8894E-03,+492.1262E-03
+97.6280E-03,-640.8894E-03,+424.0694E-03
+97.8780E-03,-705.4047E-03,+562.8141E-03
+98.1280E-03,-681.0904E-03,+562.8141E-03
+98.3780E-03,-684.6609E-03,+489.5531E-03
+98.6280E-03,-721.2914E-03,+549.2113E-03
+98.8780E-03,-721.2914E-03,+528.4675E-03
+99.1280E-03,-721.2914E-03,+562.8141E-03
+99.3780E-03,-721.2914E-03,+562.8141E-03
+99.6280E-03,-753.4044E-03,+482.4121E-03
+99.8780E-03,-761.4924E-03,+562.8141E-03
+100.1280E-03,-761.4924E-03,+562.8141E-03
+100.3780E-03,-721.2914E-03,+562.8141E-03
+100.6280E-03,-721.2914E-03,+562.8141E-03
+100.8780E-03,-721.2914E-03,+562.8141E-03
+101.1280E-03,-681.0904E-03,+562.8141E-03
+101.3780E-03,-681.0904E-03,+562.8141E-03
+101.6280E-03,-611.3494E-03,+584.1362E-03
+101.8780E-03,-520.2864E-03,+601.1502E-03
+102.1280E-03,-520.2864E-03,+580.4064E-03
+102.3780E-03,-520.2864E-03,+565.9655E-03
+102.6280E-03,-572.4350E-03,+619.3208E-03
+102.8780E-03,-600.6884E-03,+643.2161E-03
+103.1280E-03,-608.1980E-03,+577.8333E-03
+103.3780E-03,-640.8894E-03,+643.2161E-03
+103.6280E-03,-640.8894E-03,+562.8141E-03
+103.8780E-03,-657.4843E-03,+643.2161E-03
+104.1280E-03,-640.8894E-03,+643.2161E-03
+104.3780E-03,-676.9415E-03,+571.1117E-03
+104.6280E-03,-640.8894E-03,+643.2161E-03
+104.8780E-03,-681.0904E-03,+593.4308E-03
+105.1280E-03,-681.0904E-03,+572.6870E-03
+105.3780E-03,-640.8894E-03,+712.7473E-03
+105.6280E-03,-640.8894E-03,+643.2161E-03
+105.8780E-03,-640.8894E-03,+615.1724E-03
+106.1280E-03,-640.8894E-03,+643.2161E-03
+106.3780E-03,-593.9664E-03,+629.7722E-03
+106.6280E-03,-422.7905E-03,+689.4304E-03
+106.8780E-03,-359.4823E-03,+643.2161E-03
+107.1280E-03,-319.2813E-03,+643.2161E-03
+107.3780E-03,-351.4738E-03,+643.2161E-03
+107.6280E-03,-359.4823E-03,+643.2161E-03
+107.8780E-03,-359.4823E-03,+666.1135E-03
+108.1280E-03,-359.4823E-03,+643.2161E-03
+108.3780E-03,-359.4823E-03,+705.0279E-03
+108.6280E-03,-359.4823E-03,+643.2161E-03
+108.8780E-03,-379.3590E-03,+643.2161E-03
+109.1280E-03,-439.6746E-03,+723.1986E-03
+109.3780E-03,-399.6833E-03,+723.6181E-03
+109.6280E-03,-418.9308E-03,+685.1231E-03
+109.8780E-03,-439.8843E-03,+705.8669E-03
+110.1280E-03,-439.8843E-03,+646.2087E-03
+110.3780E-03,-439.8843E-03,+699.8817E-03
+110.6280E-03,-417.6443E-03,+679.1379E-03
+110.8780E-03,-439.8843E-03,+708.4400E-03
+111.1280E-03,-437.1015E-03,+723.6181E-03
+111.3780E-03,-412.8381E-03,+669.5256E-03
+111.6280E-03,-383.0090E-03,+723.6181E-03
+111.8780E-03,-359.4823E-03,+643.2161E-03
+112.1280E-03,-355.4129E-03,+651.3549E-03
+112.3780E-03,-304.8400E-03,+672.0987E-03
+112.6280E-03,-238.8793E-03,+673.9917E-03
+112.8780E-03,-198.6783E-03,+653.2479E-03
+113.1280E-03,-158.4773E-03,+723.6181E-03
+113.3780E-03,+11.0720E-03,+755.0738E-03
+113.6280E-03,+163.1307E-03,+723.6181E-03
+113.8780E-03,+163.1307E-03,+723.6181E-03
+114.1280E-03,+250.1753E-03,+723.6181E-03
+114.3780E-03,+381.1502E-03,+723.6181E-03
+114.6280E-03,+484.7388E-03,+723.6181E-03
+114.8780E-03,+605.3418E-03,+723.6181E-03
+115.1280E-03,+677.8147E-03,+723.6181E-03
+115.3780E-03,+663.8438E-03,+723.6181E-03
+115.6280E-03,+657.0709E-03,+723.6181E-03
+115.8780E-03,+684.5875E-03,+723.6181E-03
+116.1280E-03,+707.5135E-03,+680.0786E-03
+116.3780E-03,+725.9448E-03,+723.6181E-03
+116.6280E-03,+725.9448E-03,+723.6181E-03
+116.8780E-03,+725.9448E-03,+723.6181E-03
+117.1280E-03,+696.2460E-03,+723.6181E-03
+117.3780E-03,+725.9448E-03,+765.3663E-03
+117.6280E-03,+734.8998E-03,+741.5281E-03
+117.8780E-03,+644.1259E-03,+726.4518E-03
+118.1280E-03,+432.7490E-03,+780.4426E-03
+118.3780E-03,+364.1357E-03,+723.6181E-03
+118.6280E-03,+75.0602E-03,+723.6181E-03
+118.8780E-03,-195.9749E-03,+804.0201E-03
+119.1280E-03,-399.6833E-03,+749.7687E-03
+119.3780E-03,-399.6833E-03,+770.5125E-03
+119.6280E-03,-393.3014E-03,+723.6181E-03
+119.8780E-03,-395.6934E-03,+731.5981E-03
+120.1280E-03,-359.4823E-03,+804.0201E-03
+120.3780E-03,-359.4823E-03,+754.5526E-03
+120.6280E-03,-364.5777E-03,+733.8088E-03
+120.8780E-03,-399.6833E-03,+804.0201E-03
+121.1280E-03,-399.6833E-03,+754.9149E-03
+121.3780E-03,-385.5027E-03,+723.6181E-03
+121.6280E-03,-395.8746E-03,+796.4025E-03
+121.8780E-03,-359.4823E-03,+736.7443E-03
+122.1280E-03,-376.4173E-03,+723.6181E-03
+122.3780E-03,-386.7892E-03,+778.2318E-03
+122.6280E-03,-362.0046E-03,+728.6625E-03
+122.8780E-03,-432.0347E-03,+804.0201E-03
+123.1280E-03,-377.7039E-03,+804.0201E-03
+123.3780E-03,-371.0899E-03,+746.8332E-03
+123.6280E-03,-399.6833E-03,+726.0894E-03
+123.8780E-03,-359.4823E-03,+804.0201E-03
+124.1280E-03,-359.4823E-03,+765.0039E-03
+124.3780E-03,-359.4823E-03,+744.2601E-03
+124.6280E-03,-319.3322E-03,+723.7198E-03
+124.8780E-03,-329.7041E-03,+804.0201E-03
+125.1280E-03,-319.2813E-03,+765.2074E-03
+125.3780E-03,-390.6489E-03,+804.0201E-03
+125.6280E-03,-360.8198E-03,+723.6181E-03
+125.8780E-03,-359.4823E-03,+780.6014E-03
+126.1280E-03,-301.1616E-03,+804.0201E-03
+126.3780E-03,-118.2763E-03,+739.1139E-03
+126.6280E-03,-37.8743E-03,+728.8661E-03
+126.8780E-03,+95.7246E-03,+804.0201E-03
+127.1280E-03,+307.1015E-03,+770.3536E-03
+127.3780E-03,+484.7388E-03,+791.0974E-03
+127.6280E-03,+653.3639E-03,+796.1990E-03
+127.8780E-03,+846.5478E-03,+804.0201E-03
+128.1280E-03,+1.1124082E+00,+804.0201E-03
+128.3780E-03,+1.2991084E+00,+804.0201E-03
+128.6280E-03,+1.6103669E+00,+804.0201E-03
+128.8780E-03,+1.9812389E+00,+853.2841E-03
+129.1280E-03,+2.3197249E+00,+804.0201E-03
+129.3780E-03,+2.4909008E+00,+804.0201E-03
+129.6280E-03,+2.4208706E+00,+804.0201E-03
+129.8780E-03,+2.4312425E+00,+757.3292E-03
+130.1280E-03,+2.4416144E+00,+804.0201E-03
+130.3780E-03,+2.4143870E+00,+804.0201E-03
+130.6280E-03,+2.3819562E+00,+788.4796E-03
+130.8780E-03,+2.3962449E+00,+804.0201E-03
+131.1280E-03,+2.3858730E+00,+804.0201E-03
+131.3780E-03,+2.4130719E+00,+801.3899E-03
+131.6280E-03,+2.3832428E+00,+741.7317E-03
+131.8780E-03,+2.3534136E+00,+765.1627E-03
+132.1280E-03,+2.3443854E+00,+744.4190E-03
+132.3780E-03,+2.3339850E+00,+723.6752E-03
+132.6280E-03,+2.3339850E+00,+804.0201E-03
+132.8780E-03,+2.3132697E+00,+804.0201E-03
+133.1280E-03,+2.3248711E+00,+804.0201E-03
+133.3780E-03,+2.2937840E+00,+726.1341E-03
+133.6280E-03,+2.2768428E+00,+746.8779E-03
+133.8780E-03,+2.3339850E+00,+760.0165E-03
+134.1280E-03,+2.2937840E+00,+804.0201E-03
+134.3780E-03,+2.2937840E+00,+798.9310E-03
+134.6280E-03,+2.0123769E+00,+778.1872E-03
+134.8780E-03,+1.9150623E+00,+770.1948E-03
+135.1280E-03,+1.7375107E+00,+804.0201E-03
+135.3780E-03,+1.4093619E+00,+804.0201E-03
+135.6280E-03,+1.1019568E+00,+804.0201E-03
+135.8780E-03,+806.3468E-03,+754.8703E-03
+136.1280E-03,+479.4845E-03,+734.1265E-03
+136.3780E-03,+449.6554E-03,+804.0201E-03
+136.6280E-03,+484.7388E-03,+804.0201E-03
+136.8780E-03,+524.9398E-03,+804.0201E-03
+137.1280E-03,+524.9398E-03,+804.0201E-03
+137.3780E-03,+565.1408E-03,+791.2116E-03
+137.6280E-03,+605.3418E-03,+804.0201E-03
+137.8780E-03,+618.3948E-03,+777.9141E-03
+138.1280E-03,+608.0229E-03,+798.6579E-03
+138.3780E-03,+685.7438E-03,+738.9997E-03
+138.6280E-03,+685.7438E-03,+767.8947E-03
+138.8780E-03,+737.7112E-03,+723.6181E-03
+139.1280E-03,+725.9448E-03,+726.4072E-03
+139.3780E-03,+725.9448E-03,+741.5728E-03
+139.6280E-03,+745.2940E-03,+765.3216E-03
+139.8780E-03,+766.1458E-03,+744.5778E-03
+140.1280E-03,+806.3468E-03,+803.8041E-03
+140.3780E-03,+816.6107E-03,+804.0201E-03
+140.6280E-03,+846.5478E-03,+723.6181E-03
+140.8780E-03,+837.3545E-03,+785.6335E-03
+141.1280E-03,+806.3468E-03,+725.9752E-03
+141.3780E-03,+789.2467E-03,+780.9191E-03
+141.6280E-03,+824.6254E-03,+723.6181E-03
+141.8780E-03,+806.3468E-03,+804.0201E-03
+142.1280E-03,+803.8817E-03,+728.5484E-03
+142.3780E-03,+833.7108E-03,+723.6181E-03
+142.6280E-03,+852.7646E-03,+723.6181E-03
+142.8780E-03,+893.3690E-03,+790.7797E-03
+143.1280E-03,+1.0475528E+00,+723.6181E-03
+143.3780E-03,+1.1018774E+00,+751.8653E-03
+143.6280E-03,+1.2240624E+00,+723.6181E-03
+143.8780E-03,+1.4093619E+00,+723.6181E-03
+144.1280E-03,+1.5350031E+00,+723.6181E-03
+144.3780E-03,+1.6907689E+00,+723.6181E-03
+144.6280E-03,+1.8773549E+00,+804.0201E-03
+144.8780E-03,+2.0566250E+00,+731.7122E-03
+145.1280E-03,+2.1329799E+00,+723.6181E-03
+145.3780E-03,+2.1329799E+00,+723.6181E-03
+145.6280E-03,+2.1198475E+00,+723.6181E-03
+145.8780E-03,+2.1302194E+00,+723.6181E-03
+146.1280E-03,+2.0927789E+00,+738.8408E-03
+146.3780E-03,+2.0927789E+00,+759.5846E-03
+146.6280E-03,+2.0927789E+00,+666.9078E-03
+146.8780E-03,+2.0942529E+00,+723.6181E-03
+147.1280E-03,+2.1240820E+00,+723.6181E-03
+147.3780E-03,+2.0927789E+00,+723.6181E-03
+147.6280E-03,+2.0927789E+00,+723.6181E-03
+147.8780E-03,+2.0927789E+00,+723.6181E-03
+148.1280E-03,+2.0927789E+00,+723.6181E-03
+148.3780E-03,+2.0722226E+00,+723.6181E-03
+148.6280E-03,+2.0433052E+00,+705.0726E-03
+148.8780E-03,+2.0134761E+00,+723.6181E-03
+149.1280E-03,+2.0123769E+00,+781.0780E-03
+149.3780E-03,+2.0342199E+00,+723.6181E-03
+149.6280E-03,+2.0123769E+00,+723.6181E-03
+149.8780E-03,+2.0123769E+00,+723.6181E-03
+150.1280E-03,+2.0398203E+00,+723.6181E-03
+150.3780E-03,+2.0123769E+00,+723.6181E-03
+150.6280E-03,+2.0123769E+00,+737.0173E-03
+150.8780E-03,+1.9758482E+00,+723.6181E-03
+151.1280E-03,+1.9319749E+00,+723.6181E-03
+151.3780E-03,+1.8515729E+00,+723.6181E-03
+151.6280E-03,+1.8569860E+00,+723.6181E-03
+151.8780E-03,+1.8515729E+00,+723.6181E-03
+152.1280E-03,+1.8515729E+00,+723.6181E-03
+152.3780E-03,+1.8917739E+00,+694.6213E-03
+152.6280E-03,+1.8917739E+00,+651.4691E-03
+152.8780E-03,+1.9257295E+00,+711.1273E-03
+153.1280E-03,+1.9319749E+00,+723.6181E-03
+153.3780E-03,+1.9319749E+00,+697.1944E-03
+153.6280E-03,+1.9319749E+00,+648.8960E-03
+153.8780E-03,+1.9646440E+00,+723.6181E-03
+154.1280E-03,+1.9498788E+00,+679.0237E-03
+154.3780E-03,+1.9602506E+00,+699.7675E-03
+154.6280E-03,+1.8948807E+00,+646.3229E-03
+154.8780E-03,+1.8917739E+00,+723.6181E-03
+155.1280E-03,+1.8917739E+00,+723.6181E-03
+155.3780E-03,+1.8113719E+00,+621.9386E-03
+155.6280E-03,+1.8515729E+00,+643.7497E-03
+155.8780E-03,+1.8012669E+00,+643.2161E-03
+156.1280E-03,+1.7711709E+00,+684.1700E-03
+156.3780E-03,+1.7711709E+00,+643.2161E-03
+156.6280E-03,+1.7701512E+00,+643.2161E-03
+156.8780E-03,+1.8113719E+00,+665.9993E-03
+157.1280E-03,+1.8113719E+00,+686.7431E-03
+157.3780E-03,+1.8435073E+00,+643.2161E-03
+157.6280E-03,+1.8894676E+00,+719.0055E-03
+157.8780E-03,+1.9319749E+00,+643.2161E-03
+158.1280E-03,+2.0123769E+00,+689.3162E-03
+158.3780E-03,+2.0457989E+00,+643.2161E-03
+158.6280E-03,+2.0525779E+00,+643.2161E-03
+158.8780E-03,+2.0927789E+00,+643.2161E-03
+159.1280E-03,+2.1171156E+00,+643.2161E-03
+159.3780E-03,+2.1274874E+00,+643.2161E-03
+159.6280E-03,+2.1329799E+00,+643.2161E-03
+159.8780E-03,+2.1329799E+00,+643.2161E-03
+160.1280E-03,+2.1731809E+00,+643.2161E-03
+160.3780E-03,+2.1731809E+00,+643.2161E-03
+160.6280E-03,+2.1793469E+00,+643.2161E-03
+160.8780E-03,+2.2133820E+00,+643.2161E-03
+161.1280E-03,+2.2133820E+00,+589.3966E-03
+161.3780E-03,+2.2133820E+00,+643.2161E-03
+161.6280E-03,+2.1806335E+00,+643.2161E-03
+161.8780E-03,+2.2312064E+00,+643.2161E-03
+162.1280E-03,+2.2133820E+00,+643.2161E-03
+162.3780E-03,+2.2519501E+00,+643.2161E-03
+162.6280E-03,+2.2221210E+00,+643.2161E-03
+162.8780E-03,+2.2535830E+00,+604.9942E-03
+163.1280E-03,+2.2643011E+00,+584.2504E-03
+163.3780E-03,+2.2535830E+00,+642.5235E-03
+163.6280E-03,+2.2535830E+00,+623.1648E-03
+163.8780E-03,+2.2535830E+00,+602.4210E-03
+164.1280E-03,+2.2535830E+00,+562.8141E-03
+164.3780E-03,+2.2535830E+00,+564.6947E-03
+164.6280E-03,+2.2133820E+00,+643.2161E-03
+164.8780E-03,+2.2133820E+00,+562.8141E-03
+165.1280E-03,+2.2133820E+00,+579.1041E-03
+165.3780E-03,+2.1709541E+00,+638.7624E-03
+165.6280E-03,+2.1605822E+00,+588.0115E-03
+165.8780E-03,+2.1502103E+00,+597.2748E-03
+166.1280E-03,+2.1731809E+00,+629.4991E-03
+166.3780E-03,+2.1731809E+00,+636.1893E-03
+166.6280E-03,+2.1731809E+00,+615.4455E-03
+166.8780E-03,+2.2133820E+00,+562.8141E-03
+167.1280E-03,+2.2826401E+00,+632.0722E-03
+167.3780E-03,+2.2535830E+00,+633.6161E-03
+167.6280E-03,+2.2786121E+00,+562.8141E-03
+167.8780E-03,+2.2937840E+00,+562.8141E-03
+168.1280E-03,+2.2937840E+00,+562.8141E-03
+168.3780E-03,+2.2937840E+00,+562.8141E-03
+168.6280E-03,+2.3339850E+00,+562.8141E-03
+168.8780E-03,+2.3339850E+00,+562.8141E-03
+169.1280E-03,+2.3369838E+00,+562.8141E-03
+169.3780E-03,+2.3741860E+00,+562.8141E-03
+169.6280E-03,+2.3741860E+00,+562.8141E-03
+169.8780E-03,+2.4143870E+00,+506.5803E-03
+170.1280E-03,+2.3758982E+00,+562.8141E-03
+170.3780E-03,+2.3828456E+00,+562.8141E-03
+170.6280E-03,+2.4143870E+00,+524.7510E-03
+170.8780E-03,+2.4143870E+00,+562.8141E-03
+171.1280E-03,+2.4143870E+00,+562.8141E-03
+171.3780E-03,+2.4143870E+00,+542.9217E-03
+171.6280E-03,+2.4143870E+00,+562.8141E-03
+171.8780E-03,+2.3836970E+00,+562.8141E-03
+172.1280E-03,+2.3741860E+00,+561.0923E-03
+172.3780E-03,+2.3050167E+00,+562.8141E-03
+172.6280E-03,+2.2133820E+00,+562.8141E-03
+172.8780E-03,+2.1329799E+00,+498.8610E-03
+173.1280E-03,+2.1308325E+00,+562.8141E-03
+173.3780E-03,+2.0525779E+00,+482.4121E-03
+173.6280E-03,+1.9777573E+00,+528.1945E-03
+173.8780E-03,+1.9319749E+00,+482.4121E-03
+174.1280E-03,+1.8952079E+00,+482.4121E-03
+174.3780E-03,+1.8641622E+00,+510.0238E-03
+174.6280E-03,+1.8434184E+00,+562.8141E-03
+174.8780E-03,+1.8628756E+00,+482.4121E-03
+175.1280E-03,+1.8562934E+00,+553.3730E-03
+175.3780E-03,+1.8515729E+00,+482.4121E-03
+175.6280E-03,+1.8515729E+00,+482.4121E-03
+175.8780E-03,+1.8113719E+00,+491.1416E-03
+176.1280E-03,+1.8575800E+00,+482.4121E-03
+176.3780E-03,+1.9319749E+00,+515.1700E-03
+176.6280E-03,+1.9319749E+00,+482.4121E-03
+176.8780E-03,+1.9752542E+00,+482.4121E-03
+177.1280E-03,+2.0050833E+00,+482.4121E-03
+177.3780E-03,+1.9721759E+00,+482.4121E-03
+177.6280E-03,+1.9843395E+00,+482.4121E-03
+177.8780E-03,+1.9721759E+00,+482.4121E-03
+178.1280E-03,+2.0037967E+00,+482.4121E-03
+178.3780E-03,+1.9721759E+00,+482.4121E-03
+178.6280E-03,+1.9830529E+00,+482.4121E-03
+178.8780E-03,+2.0123769E+00,+403.0203E-03
+179.1280E-03,+2.0123769E+00,+482.4121E-03
+179.3780E-03,+2.0123769E+00,+482.4121E-03
+179.6280E-03,+2.0027865E+00,+482.4121E-03
+179.8780E-03,+2.0123769E+00,+403.5729E-03
+180.1280E-03,+2.0012236E+00,+482.4121E-03
+180.3780E-03,+2.0123769E+00,+482.4121E-03
+180.6280E-03,+1.9804798E+00,+482.4121E-03
+180.8780E-03,+2.0103089E+00,+482.4121E-03
+181.1280E-03,+1.9846158E+00,+457.5323E-03
+181.3780E-03,+1.9895652E+00,+482.4121E-03
+181.6280E-03,+2.0053596E+00,+482.4121E-03
+181.8780E-03,+1.9721759E+00,+482.4121E-03
+182.1280E-03,+1.9721759E+00,+482.4121E-03
+182.3780E-03,+1.9319749E+00,+402.0100E-03
+182.6280E-03,+1.9377057E+00,+413.4716E-03
+182.8780E-03,+1.9675348E+00,+482.4121E-03
+183.1280E-03,+1.9319749E+00,+482.4121E-03
+183.3780E-03,+1.9171588E+00,+482.4121E-03
+183.6280E-03,+1.9319749E+00,+482.4121E-03
+183.8780E-03,+1.9036292E+00,+413.8654E-03
+184.1280E-03,+1.9156754E+00,+482.4121E-03
+184.3780E-03,+1.8917739E+00,+482.4121E-03
+184.6280E-03,+1.6474102E+00,+482.4121E-03
+184.8780E-03,+1.5227507E+00,+482.4121E-03
+185.1280E-03,+1.2887588E+00,+482.4121E-03
+185.3780E-03,+898.9918E-03,+426.4960E-03
+185.6280E-03,+603.4707E-03,+405.7523E-03
+185.8780E-03,+211.8325E-03,+528.8109E-03
+186.1280E-03,-158.4773E-03,+482.4121E-03
+186.3780E-03,-370.4388E-03,+482.4121E-03
+186.6280E-03,-360.0669E-03,+403.1792E-03
+186.8780E-03,-409.4707E-03,+462.8374E-03
+187.1280E-03,-379.6416E-03,+482.4121E-03
+187.3780E-03,-399.6833E-03,+482.4121E-03
+187.6280E-03,-399.6833E-03,+482.4121E-03
+187.8780E-03,-370.5562E-03,+482.4121E-03
+188.1280E-03,-380.9281E-03,+444.9016E-03
+188.3780E-03,-399.6833E-03,+546.0474E-03
+188.6280E-03,-397.6948E-03,+478.4349E-03
+188.8780E-03,-371.8428E-03,+426.7310E-03
+189.1280E-03,-376.9510E-03,+482.4121E-03
+189.3780E-03,-366.5791E-03,+468.2185E-03
+189.6280E-03,-362.7575E-03,+475.8618E-03
+189.8780E-03,-399.6833E-03,+455.1180E-03
+190.1280E-03,-383.5012E-03,+482.4121E-03
+190.3780E-03,-359.4823E-03,+413.6305E-03
+190.6280E-03,-399.6833E-03,+482.4121E-03
+190.8780E-03,-319.2813E-03,+482.4121E-03
+191.1280E-03,-359.4823E-03,+452.6210E-03
+191.3780E-03,-359.4823E-03,+411.0574E-03
+191.6280E-03,-319.2813E-03,+482.4121E-03
+191.8780E-03,-343.2622E-03,+482.4121E-03
+192.1280E-03,-345.8734E-03,+482.4121E-03
+192.3780E-03,-322.5184E-03,+482.4121E-03
+192.6280E-03,-352.3475E-03,+482.4121E-03
+192.8780E-03,-216.1850E-03,+447.3987E-03
+193.1280E-03,-118.2763E-03,+482.4121E-03
+193.3780E-03,-118.2763E-03,+405.9111E-03
+193.6280E-03,+50.9491E-03,+402.0100E-03
+193.8780E-03,+224.7395E-03,+482.4121E-03
+194.1280E-03,+323.9347E-03,+482.4121E-03
+194.3780E-03,+524.2758E-03,+482.4121E-03
+194.6280E-03,+685.7438E-03,+482.4121E-03
+194.8780E-03,+866.6690E-03,+482.4121E-03
+195.1280E-03,+1.0073518E+00,+421.5087E-03
+195.3780E-03,+967.1508E-03,+482.4121E-03
+195.6280E-03,+926.9498E-03,+482.4121E-03
+195.8780E-03,+967.1508E-03,+525.1448E-03
+196.1280E-03,+886.7488E-03,+482.4121E-03
+196.3780E-03,+886.7488E-03,+482.4121E-03
+196.6280E-03,+858.8288E-03,+482.4121E-03
+196.8780E-03,+869.2007E-03,+482.4121E-03
+197.1280E-03,+846.5478E-03,+416.3624E-03
+197.3780E-03,+843.3521E-03,+482.4121E-03
+197.6280E-03,+819.9144E-03,+482.4121E-03
+197.8780E-03,+766.1458E-03,+482.4121E-03
+198.1280E-03,+800.4572E-03,+482.4121E-03
+198.3780E-03,+730.4270E-03,+482.4121E-03
+198.6280E-03,+700.5979E-03,+482.4121E-03
+198.8780E-03,+685.7438E-03,+482.4121E-03
+199.1280E-03,+690.3469E-03,+491.6182E-03
+199.3780E-03,+725.9448E-03,+551.2765E-03
+199.6280E-03,+701.8845E-03,+482.4121E-03
+199.8780E-03,+699.4322E-03,+482.4121E-03
+200.1280E-03,+725.9448E-03,+482.4121E-03
+200.3780E-03,+725.9448E-03,+482.4121E-03
+200.6280E-03,+725.9448E-03,+482.4121E-03
+200.8780E-03,+713.5429E-03,+482.4121E-03
+201.1280E-03,+567.1707E-03,+482.4121E-03
+201.3780E-03,+364.1357E-03,+482.4121E-03
+201.6280E-03,+305.2209E-03,+482.4121E-03
+201.8780E-03,+24.5573E-03,+504.6427E-03
+202.1280E-03,-238.1359E-03,+480.9252E-03
+202.3780E-03,-399.6833E-03,+482.4121E-03
+202.6280E-03,-379.4827E-03,+482.4121E-03
+202.8780E-03,-399.6833E-03,+482.4121E-03
+203.1280E-03,-399.6833E-03,+482.4121E-03
+203.3780E-03,-388.7683E-03,+482.4121E-03
+203.6280E-03,-399.6833E-03,+482.4121E-03
+203.8780E-03,-399.6833E-03,+499.4964E-03
+204.1280E-03,-361.3120E-03,+482.4121E-03
+204.3780E-03,-399.6833E-03,+538.4109E-03
+204.6280E-03,-399.6833E-03,+527.5590E-03
+204.8780E-03,-399.6833E-03,+496.9233E-03
+205.1280E-03,-362.5986E-03,+562.8141E-03
+205.3780E-03,-399.6833E-03,+482.4121E-03
+205.6280E-03,-399.6833E-03,+482.4121E-03
+205.8780E-03,-399.6833E-03,+550.8759E-03
+206.1280E-03,-386.4749E-03,+554.0084E-03
+206.3780E-03,-344.7076E-03,+511.9615E-03
+206.6280E-03,-374.5367E-03,+482.4121E-03
+206.8780E-03,-359.4823E-03,+491.7771E-03
+207.1280E-03,-359.4823E-03,+551.4353E-03
+207.3780E-03,-359.4823E-03,+530.6915E-03
+207.6280E-03,-359.4823E-03,+562.8141E-03
+207.8780E-03,-322.6773E-03,+562.8141E-03
+208.1280E-03,-326.2573E-03,+562.8141E-03
+208.3780E-03,-353.9770E-03,+528.1184E-03
+208.6280E-03,-359.4823E-03,+562.8141E-03
+208.8780E-03,-359.4823E-03,+562.8141E-03
+209.1280E-03,-359.4823E-03,+546.2891E-03
+209.3780E-03,-337.9157E-03,+562.8141E-03
+209.6280E-03,-187.4836E-03,+562.8141E-03
+209.8780E-03,-157.6545E-03,+562.8141E-03
+210.1280E-03,-78.0753E-03,+562.8141E-03
+210.3780E-03,-118.2763E-03,+562.8141E-03
+210.6280E-03,-128.1845E-03,+562.8141E-03
+210.8780E-03,-158.0136E-03,+562.8141E-03
+211.1280E-03,-118.2763E-03,+504.0833E-03
+211.3780E-03,-118.2763E-03,+562.8141E-03
+211.6280E-03,-78.0753E-03,+562.8141E-03
+211.8780E-03,+576.4E-06,+562.8141E-03
+212.1280E-03,+2.3267E-03,+562.8141E-03
+212.3780E-03,+2.3267E-03,+527.4002E-03
+212.6280E-03,+42.5277E-03,+562.8141E-03
+212.8780E-03,+79.6919E-03,+562.8141E-03
+213.1280E-03,+96.1374E-03,+562.8141E-03
+213.3780E-03,+139.3501E-03,+529.9733E-03
+213.6280E-03,+169.1792E-03,+562.8141E-03
+213.8780E-03,+243.5327E-03,+562.8141E-03
+214.1280E-03,+243.5327E-03,+562.8141E-03
+214.3780E-03,+298.8676E-03,+562.8141E-03
+214.6280E-03,+368.8977E-03,+491.9359E-03
+214.8780E-03,+484.7388E-03,+562.8141E-03
+215.1280E-03,+540.9216E-03,+562.8141E-03
+215.3780E-03,+631.6955E-03,+562.8141E-03
+215.6280E-03,+685.7438E-03,+562.8141E-03
+215.8780E-03,+725.9448E-03,+576.6071E-03
+216.1280E-03,+766.1458E-03,+482.4121E-03
+216.3780E-03,+806.3468E-03,+507.5335E-03
+216.6280E-03,+844.3590E-03,+562.8141E-03
+216.8780E-03,+886.7488E-03,+579.1802E-03
+217.1280E-03,+945.5048E-03,+562.8141E-03
+217.3780E-03,+967.1508E-03,+562.8141E-03
+217.6280E-03,+1.0073518E+00,+562.8141E-03
+217.8780E-03,+856.0174E-03,+562.8141E-03
+218.1280E-03,+725.9448E-03,+562.8141E-03
+218.3780E-03,+615.3294E-03,+562.8141E-03
+218.6280E-03,+324.3190E-03,+562.8141E-03
+218.8780E-03,+101.4174E-03,+562.8141E-03
+219.1280E-03,-198.6783E-03,+562.8141E-03
+219.3780E-03,-399.6833E-03,+625.8140E-03
+219.6280E-03,-399.6833E-03,+562.8141E-03
+219.8780E-03,-399.6833E-03,+562.8141E-03
+220.1280E-03,-399.6833E-03,+562.8141E-03
+220.3780E-03,-432.4699E-03,+577.6430E-03
+220.6280E-03,-362.4397E-03,+562.8141E-03
+220.8780E-03,-399.6833E-03,+562.8141E-03
+221.1280E-03,-399.6833E-03,+610.2164E-03
+221.3780E-03,-433.7564E-03,+630.9602E-03
+221.6280E-03,-395.4394E-03,+634.7282E-03
+221.8780E-03,-385.0675E-03,+613.9844E-03
+222.1280E-03,-359.4823E-03,+562.8141E-03
+222.3780E-03,-359.4823E-03,+572.4968E-03
+222.6280E-03,-324.8119E-03,+562.8141E-03
+222.8780E-03,-343.5799E-03,+611.4113E-03
+223.1280E-03,-319.2813E-03,+590.6675E-03
+223.3780E-03,-238.8793E-03,+562.8141E-03
+223.6280E-03,-232.0622E-03,+562.8141E-03
+223.8780E-03,-198.6783E-03,+562.8141E-03
+224.1280E-03,-186.0382E-03,+562.8141E-03
+224.3780E-03,-118.2763E-03,+562.8141E-03
+224.6280E-03,-118.2763E-03,+562.8141E-03
+224.8780E-03,-78.0753E-03,+562.8141E-03
+225.1280E-03,-66.7217E-03,+585.5212E-03
+225.3780E-03,-37.8743E-03,+562.8141E-03
+225.6280E-03,+2.3267E-03,+624.4357E-03
+225.8780E-03,+22.0888E-03,+562.8141E-03
+226.1280E-03,+122.9297E-03,+582.9481E-03
+226.3780E-03,+243.8376E-03,+562.8141E-03
+226.6280E-03,+353.4590E-03,+562.8141E-03
+226.8780E-03,+465.5864E-03,+562.8141E-03
+227.1280E-03,+636.7623E-03,+562.8141E-03
+227.3780E-03,+769.3286E-03,+562.8141E-03
+227.6280E-03,+967.1508E-03,+562.8141E-03
+227.8780E-03,+1.1681558E+00,+598.5457E-03
+228.1280E-03,+1.3691609E+00,+562.8141E-03
+228.3780E-03,+1.5328428E+00,+562.8141E-03
+228.6280E-03,+1.8113719E+00,+562.8141E-03
+228.8780E-03,+1.7711709E+00,+562.8141E-03
+229.1280E-03,+1.7773783E+00,+562.8141E-03
+229.3780E-03,+1.8072074E+00,+562.8141E-03
+229.6280E-03,+1.7968355E+00,+591.8869E-03
+229.8780E-03,+1.7864636E+00,+562.8141E-03
+230.1280E-03,+1.8162927E+00,+492.2537E-03
+230.3780E-03,+1.8113719E+00,+562.8141E-03
+230.6280E-03,+1.8113719E+00,+562.8141E-03
+230.8780E-03,+1.7973658E+00,+643.2161E-03
+231.1280E-03,+1.7784394E+00,+562.8141E-03
+231.3780E-03,+1.7711709E+00,+562.8141E-03
+231.6280E-03,+1.7882804E+00,+608.9970E-03
+231.8780E-03,+1.7584513E+00,+562.8141E-03
+232.1280E-03,+1.7711709E+00,+638.5207E-03
+232.3780E-03,+1.7791951E+00,+562.8141E-03
+232.6280E-03,+1.7309699E+00,+562.8141E-03
+232.8780E-03,+1.7309699E+00,+562.8141E-03
+233.1280E-03,+1.7711709E+00,+562.8141E-03
+233.3780E-03,+1.7309699E+00,+501.0336E-03
+233.6280E-03,+1.7514882E+00,+562.8141E-03
+233.8780E-03,+1.7309699E+00,+562.8141E-03
+234.1280E-03,+1.7309699E+00,+562.8141E-03
+234.3780E-03,+1.7309699E+00,+562.8141E-03
+234.6280E-03,+1.4687947E+00,+562.8141E-03
+234.8780E-03,+1.3466797E+00,+562.8141E-03
+235.1280E-03,+1.1681558E+00,+559.7901E-03
+235.3780E-03,+846.5478E-03,+539.0463E-03
+235.6280E-03,+784.0910E-03,+562.8141E-03
+235.8780E-03,+766.1458E-03,+562.8141E-03
+236.1280E-03,+768.9443E-03,+482.4121E-03
+236.3780E-03,+766.1458E-03,+562.8141E-03
+236.6280E-03,+749.4871E-03,+562.8141E-03
+236.8780E-03,+725.9448E-03,+562.8141E-03
+237.1280E-03,+730.0299E-03,+490.5823E-03
+237.3780E-03,+725.9448E-03,+511.3260E-03
+237.6280E-03,+710.5727E-03,+513.1563E-03
+237.8780E-03,+725.9448E-03,+562.8141E-03
+238.1280E-03,+760.7741E-03,+493.1554E-03
+238.3780E-03,+661.2863E-03,+531.3270E-03
+238.6280E-03,+671.6582E-03,+482.4121E-03
+238.8780E-03,+645.5428E-03,+562.8141E-03
+239.1280E-03,+598.6836E-03,+549.4976E-03
+239.3780E-03,+605.3418E-03,+482.4121E-03
+239.6280E-03,+605.3418E-03,+537.2161E-03
+239.8780E-03,+524.9398E-03,+557.9598E-03
+240.1280E-03,+557.1960E-03,+482.4121E-03
+240.3780E-03,+503.0554E-03,+562.8141E-03
+240.6280E-03,+513.4273E-03,+505.4370E-03
+240.8780E-03,+443.3972E-03,+560.5330E-03
+241.1280E-03,+364.1357E-03,+562.8141E-03
+241.3780E-03,+344.5325E-03,+562.8141E-03
+241.6280E-03,+283.7337E-03,+562.8141E-03
+241.8780E-03,+243.6787E-03,+562.5221E-03
+242.1280E-03,+173.6486E-03,+541.7783E-03
+242.3780E-03,+143.8195E-03,+562.8141E-03
+242.6280E-03,+113.9904E-03,+562.8141E-03
+242.8780E-03,+204.7643E-03,+559.9489E-03
+243.1280E-03,+243.5327E-03,+506.0210E-03
+243.3780E-03,+346.1111E-03,+526.7647E-03
+243.6280E-03,+411.9895E-03,+562.8141E-03
+243.8780E-03,+565.1408E-03,+487.8503E-03
+244.1280E-03,+685.7438E-03,+536.6321E-03
+244.3780E-03,+806.3468E-03,+515.8883E-03
+244.6280E-03,+973.5170E-03,+562.8141E-03
+244.8780E-03,+1.1279548E+00,+562.8141E-03
+245.1280E-03,+1.3835384E+00,+562.8141E-03
+245.3780E-03,+1.6258184E+00,+513.3152E-03
+245.6280E-03,+1.6505679E+00,+552.6547E-03
+245.8780E-03,+1.6452757E+00,+482.4121E-03
+246.1280E-03,+1.5701659E+00,+562.8141E-03
+246.3780E-03,+1.5560009E+00,+562.8141E-03
+246.6280E-03,+1.4935570E+00,+555.2279E-03
+246.8780E-03,+1.4897639E+00,+562.8141E-03
+247.1280E-03,+1.5130142E+00,+528.9127E-03
+247.3780E-03,+1.4495629E+00,+537.0572E-03
+247.6280E-03,+1.5224452E+00,+487.4251E-03
+247.8780E-03,+1.4014965E+00,+562.8141E-03
+248.1280E-03,+1.3691609E+00,+562.8141E-03
+248.3780E-03,+1.3405517E+00,+505.5958E-03
+248.6280E-03,+1.3679409E+00,+562.8141E-03
+248.8780E-03,+1.2796069E+00,+562.8141E-03
+249.1280E-03,+1.2887588E+00,+562.8141E-03
+249.3780E-03,+1.2485578E+00,+562.8141E-03
+249.6280E-03,+1.2083568E+00,+562.6809E-03
+249.8780E-03,+1.2083568E+00,+482.4121E-03
